id_Klienta;Czas wyslania;Czas obliczen;Czas odebrania
CzDXXX8VIlz87ytDqbAKUg;-4721,7752ms;153,0134ms;4853,8893ms
CzDXXX8VIlz87ytDqbAKUg;-4766,3349ms;20,5589ms;4807,7969ms
Hy7R88F2hkkO2UvI7B-dxQ;99,5981ms;288,5278ms;79,4725ms
2Y2Xns9t8N263_SdLSowxw;-4704,031ms;278,0885ms;4942,8208ms
CzDXXX8VIlz87ytDqbAKUg;-4684,76ms;3,3625ms;4837,3482ms
Hy7R88F2hkkO2UvI7B-dxQ;19,9597ms;66,151ms;4,7709ms
2Y2Xns9t8N263_SdLSowxw;-4765,2642ms;29,1928ms;4840,3577ms
Hy7R88F2hkkO2UvI7B-dxQ;0,5114ms;7,9761ms;1,386ms
2Y2Xns9t8N263_SdLSowxw;-4780,8044ms;1,5717ms;4795,6917ms
Hy7R88F2hkkO2UvI7B-dxQ;9,5975ms;38,2194ms;2,366ms
Hy7R88F2hkkO2UvI7B-dxQ;8,4919ms;2,2863ms;1,4908ms
2Y2Xns9t8N263_SdLSowxw;-4772,4696ms;1,7028ms;4837,4692ms
CzDXXX8VIlz87ytDqbAKUg;-4781,2537ms;22,7809ms;4837,9083ms
Hy7R88F2hkkO2UvI7B-dxQ;9,1756ms;28,878ms;4,0442ms
Hy7R88F2hkkO2UvI7B-dxQ;0,7951ms;3,5363ms;1,4331ms
2Y2Xns9t8N263_SdLSowxw;-4780,7743ms;1,7877ms;4791,8271ms
2Y2Xns9t8N263_SdLSowxw;-4769,5938ms;1,5187ms;4807,6499ms
Hy7R88F2hkkO2UvI7B-dxQ;9,4337ms;26,4977ms;2,1668ms
2Y2Xns9t8N263_SdLSowxw;-4772,4672ms;1,9441ms;4791,1789ms
CzDXXX8VIlz87ytDqbAKUg;-4781,2519ms;16,5988ms;4810,9892ms
Hy7R88F2hkkO2UvI7B-dxQ;10,3058ms;24,3556ms;16,667ms
2Y2Xns9t8N263_SdLSowxw;-4769,9516ms;21,3959ms;4825,3287ms
2Y2Xns9t8N263_SdLSowxw;-4780,873ms;2,3734ms;4791,9721ms
Hy7R88F2hkkO2UvI7B-dxQ;0,6294ms;9,2722ms;1,6101ms
CzDXXX8VIlz87ytDqbAKUg;-4781,3954ms;21,8798ms;4820,6318ms
Hy7R88F2hkkO2UvI7B-dxQ;9,055ms;11,5561ms;1,3605ms
2Y2Xns9t8N263_SdLSowxw;-4747,091ms;16,8889ms;4813,6661ms
CzDXXX8VIlz87ytDqbAKUg;-4771,5766ms;7,008ms;4798,9939ms
Hy7R88F2hkkO2UvI7B-dxQ;9,7447ms;21,9488ms;1,9718ms
2Y2Xns9t8N263_SdLSowxw;-4771,7116ms;19,1981ms;4845,2713ms
2Y2Xns9t8N263_SdLSowxw;-4781,1079ms;3,4745ms;4792,6212ms
CzDXXX8VIlz87ytDqbAKUg;-4780,548ms;2,3757ms;4792,8649ms
Hy7R88F2hkkO2UvI7B-dxQ;0,55ms;13,5635ms;1,2671ms
Hy7R88F2hkkO2UvI7B-dxQ;8,2607ms;2,8958ms;1,0257ms
2Y2Xns9t8N263_SdLSowxw;-4716,7937ms;8,4506ms;4806,4169ms
Hy7R88F2hkkO2UvI7B-dxQ;8,2877ms;10,4441ms;2,7898ms
CzDXXX8VIlz87ytDqbAKUg;-4713,7046ms;9,1667ms;4816,735ms
Hy7R88F2hkkO2UvI7B-dxQ;12,6926ms;11,1901ms;1,7127ms
2Y2Xns9t8N263_SdLSowxw;-4767,4476ms;8,6029ms;4801,8697ms
2Y2Xns9t8N263_SdLSowxw;-4780,5479ms;10,8148ms;4794,7033ms
Hy7R88F2hkkO2UvI7B-dxQ;0,6354ms;3,4656ms;1,0109ms
Hy7R88F2hkkO2UvI7B-dxQ;9,2005ms;15,5397ms;1,4647ms
Hy7R88F2hkkO2UvI7B-dxQ;8,845ms;2,5596ms;0,9379ms
CzDXXX8VIlz87ytDqbAKUg;-4783,6373ms;21,1526ms;4856,0141ms
2Y2Xns9t8N263_SdLSowxw;-4783,4035ms;33,3151ms;4863,3259ms
Hy7R88F2hkkO2UvI7B-dxQ;31,9864ms;41,3739ms;9,749ms
CzDXXX8VIlz87ytDqbAKUg;-4769,963ms;26,2015ms;4831,1715ms
Hy7R88F2hkkO2UvI7B-dxQ;0,4236ms;3,644ms;1,3244ms
Hy7R88F2hkkO2UvI7B-dxQ;35,1474ms;7,6484ms;1,8424ms
CzDXXX8VIlz87ytDqbAKUg;-4783,9895ms;24,5142ms;4850,7626ms
Hy7R88F2hkkO2UvI7B-dxQ;7,4936ms;37,8899ms;2,4846ms
CzDXXX8VIlz87ytDqbAKUg;-4776,3968ms;6,7265ms;4818,6704ms
2Y2Xns9t8N263_SdLSowxw;-4783,8542ms;50,616ms;4872,1155ms
Hy7R88F2hkkO2UvI7B-dxQ;9,6838ms;35,5239ms;7,4287ms
Hy7R88F2hkkO2UvI7B-dxQ;0,4293ms;1,7336ms;0,7276ms
Hy7R88F2hkkO2UvI7B-dxQ;37,3774ms;6,7085ms;1,3782ms
CzDXXX8VIlz87ytDqbAKUg;-4784,4922ms;17,6807ms;4814,4286ms
Hy7R88F2hkkO2UvI7B-dxQ;8,06ms;23,9825ms;2,3403ms
CzDXXX8VIlz87ytDqbAKUg;-4776,1914ms;2,5965ms;4813,6651ms
2Y2Xns9t8N263_SdLSowxw;-4783,8248ms;40,2868ms;4839,245ms
Hy7R88F2hkkO2UvI7B-dxQ;8,9242ms;11,8312ms;2,4462ms
CzDXXX8VIlz87ytDqbAKUg;-4776,6354ms;28,0345ms;4837,1977ms
Hy7R88F2hkkO2UvI7B-dxQ;0,614ms;1,6343ms;1,3203ms
Hy7R88F2hkkO2UvI7B-dxQ;7,7942ms;5,951ms;1,3184ms
CzDXXX8VIlz87ytDqbAKUg;-4784,2615ms;11,8146ms;4824,2706ms
Hy7R88F2hkkO2UvI7B-dxQ;11,8066ms;19,1888ms;4,406ms
Hy7R88F2hkkO2UvI7B-dxQ;14,7052ms;1,2175ms;1,1645ms
CzDXXX8VIlz87ytDqbAKUg;-4775,9604ms;1,4216ms;4802,1711ms
2Y2Xns9t8N263_SdLSowxw;-4784,2702ms;22,9418ms;4849,3626ms
Hy7R88F2hkkO2UvI7B-dxQ;16,7172ms;18,9012ms;1,4786ms
CzDXXX8VIlz87ytDqbAKUg;-4764,7797ms;16,2897ms;4813,4223ms
CzDXXX8VIlz87ytDqbAKUg;-4784,3268ms;4,9408ms;4795,8896ms
2Y2Xns9t8N263_SdLSowxw;-4784,1566ms;11,1609ms;4825,259ms
Hy7R88F2hkkO2UvI7B-dxQ;0,4426ms;23,8347ms;26,3413ms
Hy7R88F2hkkO2UvI7B-dxQ;50,2587ms;1,176ms;1,2292ms
2Y2Xns9t8N263_SdLSowxw;-4737,0735ms;2,9459ms;4825,2119ms
CzDXXX8VIlz87ytDqbAKUg;-4753,3553ms;12,6698ms;4823,9375ms
Hy7R88F2hkkO2UvI7B-dxQ;45,9324ms;21,8614ms;2,2976ms
CzDXXX8VIlz87ytDqbAKUg;-4756,8482ms;16,1952ms;4814,4685ms
2Y2Xns9t8N263_SdLSowxw;-4783,7125ms;4,9224ms;4795,4834ms
Hy7R88F2hkkO2UvI7B-dxQ;0,5627ms;2,5089ms;0,8786ms
Hy7R88F2hkkO2UvI7B-dxQ;8,2019ms;12,2217ms;1,4383ms
Hy7R88F2hkkO2UvI7B-dxQ;10,1032ms;3,3213ms;1,1782ms
CzDXXX8VIlz87ytDqbAKUg;-4786,0991ms;19,894ms;4829,2295ms
Hy7R88F2hkkO2UvI7B-dxQ;7,6084ms;39,1773ms;4,5485ms
2Y2Xns9t8N263_SdLSowxw;-4785,396ms;32,4638ms;4873,5625ms
CzDXXX8VIlz87ytDqbAKUg;-4776,4983ms;24,7411ms;4849,8436ms
Hy7R88F2hkkO2UvI7B-dxQ;0,9848ms;5,3892ms;1,1508ms
Hy7R88F2hkkO2UvI7B-dxQ;8,9888ms;7,222ms;1,3776ms
Hy7R88F2hkkO2UvI7B-dxQ;8,6877ms;38,506ms;4,0123ms
Hy7R88F2hkkO2UvI7B-dxQ;35,3079ms;7,9568ms;1,501ms
CzDXXX8VIlz87ytDqbAKUg;-4776,3752ms;25,5055ms;4907,5897ms
2Y2Xns9t8N263_SdLSowxw;-4775,7639ms;39,8857ms;4940,2113ms
Hy7R88F2hkkO2UvI7B-dxQ;22,3709ms;31,2833ms;2,5639ms
2Y2Xns9t8N263_SdLSowxw;-4786,3925ms;15,3963ms;4819,6971ms
Hy7R88F2hkkO2UvI7B-dxQ;0,6297ms;3,7533ms;4,1472ms
Hy7R88F2hkkO2UvI7B-dxQ;7,6178ms;49,3439ms;3,6649ms
CzDXXX8VIlz87ytDqbAKUg;-4789,1369ms;29,2626ms;4879,2739ms
CzDXXX8VIlz87ytDqbAKUg;-4778,872ms;1,6523ms;4812,4702ms
CzDXXX8VIlz87ytDqbAKUg;-4780,7888ms;0,7121ms;4798,4257ms
Hy7R88F2hkkO2UvI7B-dxQ;33,3927ms;58,3409ms;4,9507ms
2Y2Xns9t8N263_SdLSowxw;-4788,7388ms;81,4543ms;4877,406ms
Hy7R88F2hkkO2UvI7B-dxQ;15,2922ms;64,4739ms;4,8338ms
CzDXXX8VIlz87ytDqbAKUg;-4780,8739ms;36,3874ms;4855,9076ms
2Y2Xns9t8N263_SdLSowxw;-4787,9703ms;7,7261ms;4809,5054ms
Hy7R88F2hkkO2UvI7B-dxQ;0,7095ms;3,1372ms;1,8178ms
CzDXXX8VIlz87ytDqbAKUg;-4791,0732ms;18,9464ms;9012,8513ms
2Y2Xns9t8N263_SdLSowxw;-4790,6795ms;30,9347ms;9005,3815ms
CzDXXX8VIlz87ytDqbAKUg;-4782,0983ms;2,0711ms;4803,0023ms
Hy7R88F2hkkO2UvI7B-dxQ;47,1309ms;20,0042ms;4,4948ms
2Y2Xns9t8N263_SdLSowxw;-4782,5268ms;28,3122ms;4838,309ms
CzDXXX8VIlz87ytDqbAKUg;-4779,1055ms;25,7811ms;4870,5765ms
2Y2Xns9t8N263_SdLSowxw;-4791,8534ms;6,3194ms;4805,3459ms
id_Klienta;Czas wyslania;Czas obliczen;Czas odebrania
9GThmzSoJThiShA3i_yj6A;87,2433ms;99148,2301ms;53,1232ms
9GThmzSoJThiShA3i_yj6A;77,5947ms;3,519ms;1,1078ms
9GThmzSoJThiShA3i_yj6A;7,1806ms;53987,7056ms;2,4949ms
9GThmzSoJThiShA3i_yj6A;43,5415ms;28,2119ms;2,4246ms
9GThmzSoJThiShA3i_yj6A;8,399ms;3,8928ms;1,1915ms
9GThmzSoJThiShA3i_yj6A;8,5587ms;41,8285ms;3,193ms
9GThmzSoJThiShA3i_yj6A;10,035ms;40,321ms;2,7464ms
id_Klienta;Czas wyslania;Czas obliczen;Czas odebrania
_iR6d_ckqDQWFdIuRQsz-g;46,4393ms;4164,1686ms;56,9736ms
_iR6d_ckqDQWFdIuRQsz-g;13,9696ms;2,7405ms;1,7158ms
_iR6d_ckqDQWFdIuRQsz-g;9,555ms;2445,4633ms;2,5438ms
_iR6d_ckqDQWFdIuRQsz-g;7,2233ms;20,3683ms;2,5653ms
_iR6d_ckqDQWFdIuRQsz-g;41,1379ms;3,0146ms;1,4532ms
_iR6d_ckqDQWFdIuRQsz-g;9,3531ms;38,629ms;9,5842ms
_iR6d_ckqDQWFdIuRQsz-g;11,16ms;41,3888ms;3,6427ms
_iR6d_ckqDQWFdIuRQsz-g;3,583ms;44391,7238ms;1,7234ms
_iR6d_ckqDQWFdIuRQsz-g;4,978ms;27946,0287ms;5,4782ms
_iR6d_ckqDQWFdIuRQsz-g;8,6103ms;101,1655ms;4,5486ms
_iR6d_ckqDQWFdIuRQsz-g;10,7708ms;3,7726ms;1,4183ms
_iR6d_ckqDQWFdIuRQsz-g;11,3601ms;67,7439ms;3,1894ms
_iR6d_ckqDQWFdIuRQsz-g;11,2597ms;8,0816ms;1,4537ms
_iR6d_ckqDQWFdIuRQsz-g;12,8437ms;143,6339ms;20,969ms
_iR6d_ckqDQWFdIuRQsz-g;10,2895ms;77,6297ms;3,9507ms
_iR6d_ckqDQWFdIuRQsz-g;1,6934ms;35888,4527ms;1,4296ms
lZgliGxI8QJT2RHOYxJ89Q;99,1734ms;6344,9869ms;20,3183ms
lZgliGxI8QJT2RHOYxJ89Q;113,7445ms;72,4863ms;4,0195ms
lZgliGxI8QJT2RHOYxJ89Q;10,3212ms;82,1114ms;3,9933ms
lZgliGxI8QJT2RHOYxJ89Q;6,9516ms;46,0606ms;2,7463ms
lZgliGxI8QJT2RHOYxJ89Q;8,7452ms;49,2423ms;2,941ms
lZgliGxI8QJT2RHOYxJ89Q;11,6698ms;47,2207ms;2,846ms
1kBk1a9JbKOv0V51oHIGwg;51,6951ms;384,4904ms;51,9736ms
1kBk1a9JbKOv0V51oHIGwg;59,6346ms;3,8144ms;2,4907ms
1kBk1a9JbKOv0V51oHIGwg;8,5292ms;38,376ms;4,5679ms
1kBk1a9JbKOv0V51oHIGwg;13,8273ms;27,0415ms;2,5471ms
1kBk1a9JbKOv0V51oHIGwg;77,3718ms;5,5569ms;1,3888ms
1kBk1a9JbKOv0V51oHIGwg;11,863ms;59,3962ms;6,0004ms
1kBk1a9JbKOv0V51oHIGwg;15,8779ms;54,759ms;4,7297ms
id_Klienta;Czas wyslania;Czas obliczen;Czas odebrania
rWQsQzfhRxfT42H14E-lOw;43,3409ms;358,9955ms;58,807ms
rWQsQzfhRxfT42H14E-lOw;14,0618ms;2,3109ms;1,1659ms
rWQsQzfhRxfT42H14E-lOw;30,7849ms;19,2936ms;3,5352ms
rWQsQzfhRxfT42H14E-lOw;9,5362ms;18,6654ms;1,9304ms
rWQsQzfhRxfT42H14E-lOw;8,755ms;3,169ms;1,0242ms
rWQsQzfhRxfT42H14E-lOw;7,8287ms;30,5246ms;4,3055ms
rWQsQzfhRxfT42H14E-lOw;9,9483ms;30,6306ms;3,447ms
rWQsQzfhRxfT42H14E-lOw;1,1823ms;8,5531ms;1,0291ms
rWQsQzfhRxfT42H14E-lOw;0,743ms;71,9163ms;5,7825ms
rWQsQzfhRxfT42H14E-lOw;8,5257ms;78,6401ms;5,4211ms
rWQsQzfhRxfT42H14E-lOw;9,2044ms;1,9101ms;1,5383ms
rWQsQzfhRxfT42H14E-lOw;41,3343ms;23,1405ms;2,6645ms
rWQsQzfhRxfT42H14E-lOw;8,5648ms;3,1974ms;1,685ms
rWQsQzfhRxfT42H14E-lOw;8,4441ms;90,8844ms;11,7106ms
rWQsQzfhRxfT42H14E-lOw;10,9045ms;87,0562ms;6,6669ms
rWQsQzfhRxfT42H14E-lOw;1,3589ms;230467,416ms;1,5809ms
id_Klienta;Czas wyslania;Czas obliczen;Czas odebrania
gKN5KoI_6NC-c270G2m8Qw;62,4231ms;3987,8399ms;55,4954ms
gKN5KoI_6NC-c270G2m8Qw;102,2227ms;2,0642ms;0,9251ms
gKN5KoI_6NC-c270G2m8Qw;45,34ms;21,8317ms;2,5687ms
gKN5KoI_6NC-c270G2m8Qw;134,3658ms;16,5833ms;1,8403ms
gKN5KoI_6NC-c270G2m8Qw;8,845ms;3,2153ms;1,1121ms
gKN5KoI_6NC-c270G2m8Qw;7,8264ms;41,1966ms;3,1562ms
gKN5KoI_6NC-c270G2m8Qw;8,6542ms;66,9191ms;2,5763ms
gKN5KoI_6NC-c270G2m8Qw;1,1994ms;11,3516ms;1,3176ms
gKN5KoI_6NC-c270G2m8Qw;3,9401ms;13713,3591ms;4,5196ms
gKN5KoI_6NC-c270G2m8Qw;8,8325ms;2,4149ms;2,8635ms
gKN5KoI_6NC-c270G2m8Qw;8,9378ms;32,2311ms;2,6182ms
gKN5KoI_6NC-c270G2m8Qw;33,546ms;21,1851ms;1,8338ms
gKN5KoI_6NC-c270G2m8Qw;9,5899ms;3,8444ms;1,9058ms
gKN5KoI_6NC-c270G2m8Qw;7,4014ms;32,8462ms;8,132ms
gKN5KoI_6NC-c270G2m8Qw;27,4107ms;42,5365ms;1,8552ms
id_Klienta;Czas wyslania;Czas obliczen;Czas odebrania
c8hYNPl__l3cdoXRfZwkjg;73,5015ms;3135,741ms;63,8703ms
c8hYNPl__l3cdoXRfZwkjg;11,1559ms;2,2407ms;0,982ms
c8hYNPl__l3cdoXRfZwkjg;16,4164ms;32,5142ms;2,5562ms
c8hYNPl__l3cdoXRfZwkjg;38,8271ms;18,163ms;2,0477ms
c8hYNPl__l3cdoXRfZwkjg;8,1016ms;7,2889ms;1,9382ms
c8hYNPl__l3cdoXRfZwkjg;9,5642ms;39,6224ms;2,4548ms
c8hYNPl__l3cdoXRfZwkjg;9,2396ms;46,8006ms;2,6073ms
c8hYNPl__l3cdoXRfZwkjg;6,5823ms;32,946ms;1,7922ms
c8hYNPl__l3cdoXRfZwkjg;0,57ms;34,1928ms;2,4689ms
c8hYNPl__l3cdoXRfZwkjg;44,4203ms;2,1461ms;0,8977ms
c8hYNPl__l3cdoXRfZwkjg;7,2858ms;28,3506ms;2,7857ms
c8hYNPl__l3cdoXRfZwkjg;9,3407ms;18,5466ms;1,6849ms
c8hYNPl__l3cdoXRfZwkjg;41,1522ms;2,1867ms;3,2728ms
c8hYNPl__l3cdoXRfZwkjg;7,1519ms;41,6224ms;2,6912ms
c8hYNPl__l3cdoXRfZwkjg;10,0916ms;33,6037ms;2,9584ms
c8hYNPl__l3cdoXRfZwkjg;1,3704ms;47,9297ms;3,5457ms
c8hYNPl__l3cdoXRfZwkjg;0,918ms;39,669ms;2,5524ms
c8hYNPl__l3cdoXRfZwkjg;9,6158ms;3,604ms;4,6412ms
c8hYNPl__l3cdoXRfZwkjg;31,2132ms;22,7074ms;2,1714ms
c8hYNPl__l3cdoXRfZwkjg;7,9214ms;17,9642ms;2,9558ms
c8hYNPl__l3cdoXRfZwkjg;10,2649ms;4,2735ms;1,7774ms
c8hYNPl__l3cdoXRfZwkjg;8,1139ms;49,1099ms;12,6035ms
c8hYNPl__l3cdoXRfZwkjg;12,7411ms;39,2682ms;2,6567ms
c8hYNPl__l3cdoXRfZwkjg;1,3422ms;28,2315ms;2,8401ms
c8hYNPl__l3cdoXRfZwkjg;0,6262ms;75,8068ms;3,8613ms
c8hYNPl__l3cdoXRfZwkjg;7,5473ms;82,5032ms;4,6563ms
c8hYNPl__l3cdoXRfZwkjg;30,3327ms;54,6047ms;3,7468ms
c8hYNPl__l3cdoXRfZwkjg;8,8264ms;1,7857ms;0,8328ms
c8hYNPl__l3cdoXRfZwkjg;9,1013ms;2,0368ms;0,8102ms
c8hYNPl__l3cdoXRfZwkjg;7,2053ms;48,8882ms;3,9594ms
c8hYNPl__l3cdoXRfZwkjg;10,0121ms;53,9276ms;3,0511ms
c8hYNPl__l3cdoXRfZwkjg;0,7451ms;89,1233ms;4,608ms
c8hYNPl__l3cdoXRfZwkjg;9,6105ms;22,3654ms;1,5988ms
c8hYNPl__l3cdoXRfZwkjg;12,0953ms;12,1688ms;1,1551ms
c8hYNPl__l3cdoXRfZwkjg;37,5113ms;67,7933ms;4,2045ms
c8hYNPl__l3cdoXRfZwkjg;10,2839ms;72,4437ms;4,2324ms
c8hYNPl__l3cdoXRfZwkjg;10,8099ms;4,0756ms;0,9577ms
c8hYNPl__l3cdoXRfZwkjg;10,5924ms;2,7953ms;1,4593ms
c8hYNPl__l3cdoXRfZwkjg;29,1983ms;80,9183ms;3,8703ms
c8hYNPl__l3cdoXRfZwkjg;9,2662ms;60,6095ms;4,2339ms
c8hYNPl__l3cdoXRfZwkjg;13,1857ms;69,8714ms;5,3502ms
c8hYNPl__l3cdoXRfZwkjg;0,6394ms;23,9908ms;2,7314ms
c8hYNPl__l3cdoXRfZwkjg;9,7871ms;26,6105ms;2,7513ms
c8hYNPl__l3cdoXRfZwkjg;32,2268ms;15,5039ms;1,7956ms
c8hYNPl__l3cdoXRfZwkjg;9,1472ms;6,3875ms;1,3538ms
c8hYNPl__l3cdoXRfZwkjg;9,2949ms;38,1786ms;2,9829ms
c8hYNPl__l3cdoXRfZwkjg;9,2045ms;1,2276ms;0,9147ms
c8hYNPl__l3cdoXRfZwkjg;43,3785ms;3,8162ms;1,7471ms
c8hYNPl__l3cdoXRfZwkjg;72,7525ms;31,0523ms;2,7624ms
c8hYNPl__l3cdoXRfZwkjg;9,1667ms;30,8312ms;2,6738ms
c8hYNPl__l3cdoXRfZwkjg;10,9232ms;24,1243ms;3,511ms
c8hYNPl__l3cdoXRfZwkjg;0,6953ms;8,5457ms;1,2115ms
c8hYNPl__l3cdoXRfZwkjg;38,9248ms;16,6921ms;1,8605ms
c8hYNPl__l3cdoXRfZwkjg;44,4447ms;8,0685ms;1,6016ms
c8hYNPl__l3cdoXRfZwkjg;8,8073ms;12,6415ms;1,4479ms
c8hYNPl__l3cdoXRfZwkjg;10,1601ms;20,092ms;2,0839ms
c8hYNPl__l3cdoXRfZwkjg;40,5775ms;23,8351ms;2,5819ms
c8hYNPl__l3cdoXRfZwkjg;10,2688ms;1,1601ms;1,0412ms
c8hYNPl__l3cdoXRfZwkjg;9,0713ms;1,5699ms;0,9205ms
c8hYNPl__l3cdoXRfZwkjg;8,0492ms;20,1094ms;2,3774ms
c8hYNPl__l3cdoXRfZwkjg;8,7946ms;16,582ms;2,7695ms
c8hYNPl__l3cdoXRfZwkjg;13,0395ms;14,5379ms;2,0137ms
c8hYNPl__l3cdoXRfZwkjg;1,3331ms;14,4406ms;1,5081ms
c8hYNPl__l3cdoXRfZwkjg;2,4446ms;65,0303ms;5,5368ms
c8hYNPl__l3cdoXRfZwkjg;7,9044ms;44,7133ms;2,6202ms
c8hYNPl__l3cdoXRfZwkjg;13,5011ms;66,287ms;3,9007ms
c8hYNPl__l3cdoXRfZwkjg;14,8418ms;48,4321ms;3,9284ms
c8hYNPl__l3cdoXRfZwkjg;9,1738ms;50,3497ms;3,3415ms
c8hYNPl__l3cdoXRfZwkjg;11,9377ms;85,4735ms;3,4061ms
c8hYNPl__l3cdoXRfZwkjg;40,1583ms;39,7058ms;2,478ms
c8hYNPl__l3cdoXRfZwkjg;0,66ms;45,0181ms;2,1749ms
c8hYNPl__l3cdoXRfZwkjg;8,1215ms;32,4989ms;2,6808ms
c8hYNPl__l3cdoXRfZwkjg;9,0426ms;32,7759ms;3,9694ms
c8hYNPl__l3cdoXRfZwkjg;30,734ms;6,3793ms;1,523ms
c8hYNPl__l3cdoXRfZwkjg;37,8746ms;35,3229ms;2,1959ms
c8hYNPl__l3cdoXRfZwkjg;10,9914ms;17,5605ms;1,883ms
c8hYNPl__l3cdoXRfZwkjg;10,7343ms;7,9905ms;1,5636ms
c8hYNPl__l3cdoXRfZwkjg;0,6461ms;8,2278ms;3,784ms
c8hYNPl__l3cdoXRfZwkjg;62,1378ms;8,4685ms;1,8462ms
c8hYNPl__l3cdoXRfZwkjg;11,437ms;38,2563ms;39,037ms
c8hYNPl__l3cdoXRfZwkjg;14,305ms;52,94ms;2,3971ms
c8hYNPl__l3cdoXRfZwkjg;11,0657ms;40,2511ms;2,2819ms
c8hYNPl__l3cdoXRfZwkjg;10,358ms;7,6844ms;1,3529ms
c8hYNPl__l3cdoXRfZwkjg;69,084ms;1,0399ms;0,8205ms
c8hYNPl__l3cdoXRfZwkjg;11,9808ms;28,4916ms;2,5948ms
c8hYNPl__l3cdoXRfZwkjg;0,6575ms;43,8103ms;2,8923ms
c8hYNPl__l3cdoXRfZwkjg;10,7841ms;6,8427ms;1,5333ms
c8hYNPl__l3cdoXRfZwkjg;9,9558ms;1,5527ms;1,1706ms
c8hYNPl__l3cdoXRfZwkjg;8,9787ms;47,8231ms;3,6313ms
c8hYNPl__l3cdoXRfZwkjg;10,2497ms;11,0081ms;1,2442ms
c8hYNPl__l3cdoXRfZwkjg;10,6087ms;28,1787ms;2,4742ms
c8hYNPl__l3cdoXRfZwkjg;14,4963ms;50,1101ms;3,6721ms
c8hYNPl__l3cdoXRfZwkjg;17,3607ms;6,1337ms;1,9456ms
c8hYNPl__l3cdoXRfZwkjg;0,5993ms;9,169ms;1,2373ms
c8hYNPl__l3cdoXRfZwkjg;11,9042ms;34,1092ms;2,3443ms
c8hYNPl__l3cdoXRfZwkjg;8,0595ms;15,1832ms;1,7367ms
c8hYNPl__l3cdoXRfZwkjg;9,1772ms;35,2026ms;2,1048ms
c8hYNPl__l3cdoXRfZwkjg;11,0186ms;30,3774ms;1,958ms
c8hYNPl__l3cdoXRfZwkjg;9,1473ms;13,4482ms;1,0737ms
c8hYNPl__l3cdoXRfZwkjg;9,0074ms;11,0017ms;1,1193ms
c8hYNPl__l3cdoXRfZwkjg;9,1533ms;2,1722ms;1,0372ms
c8hYNPl__l3cdoXRfZwkjg;13,0877ms;50,4697ms;2,7802ms
c8hYNPl__l3cdoXRfZwkjg;0,6283ms;4,4285ms;0,9172ms
c8hYNPl__l3cdoXRfZwkjg;7,9821ms;21,6038ms;1,9106ms
c8hYNPl__l3cdoXRfZwkjg;62,7876ms;4,35ms;2,9911ms
c8hYNPl__l3cdoXRfZwkjg;44,4774ms;15,0198ms;1,9492ms
c8hYNPl__l3cdoXRfZwkjg;12,9948ms;3,0143ms;1,0376ms
c8hYNPl__l3cdoXRfZwkjg;10,0349ms;49,6132ms;15,3351ms
c8hYNPl__l3cdoXRfZwkjg;18,8674ms;4,9219ms;1,0728ms
c8hYNPl__l3cdoXRfZwkjg;0,6513ms;8,6774ms;1,193ms
c8hYNPl__l3cdoXRfZwkjg;10,4159ms;62,3803ms;3,5351ms
c8hYNPl__l3cdoXRfZwkjg;11,2051ms;44,4896ms;2,16ms
c8hYNPl__l3cdoXRfZwkjg;8,8698ms;30,7681ms;1,9512ms
c8hYNPl__l3cdoXRfZwkjg;10,1719ms;29,6754ms;2,3193ms
c8hYNPl__l3cdoXRfZwkjg;11,4568ms;3,2216ms;1,3486ms
c8hYNPl__l3cdoXRfZwkjg;9,7678ms;27,0363ms;2,1598ms
c8hYNPl__l3cdoXRfZwkjg;9,2245ms;11,3288ms;1,4383ms
c8hYNPl__l3cdoXRfZwkjg;34,6928ms;39,9142ms;2,7559ms
c8hYNPl__l3cdoXRfZwkjg;9,3311ms;15,4242ms;1,3448ms
c8hYNPl__l3cdoXRfZwkjg;8,8548ms;36,8608ms;2,2685ms
c8hYNPl__l3cdoXRfZwkjg;9,2272ms;57,903ms;2,6263ms
c8hYNPl__l3cdoXRfZwkjg;10,9253ms;40,3879ms;2,7193ms
c8hYNPl__l3cdoXRfZwkjg;12,6864ms;56,8369ms;2,9091ms
c8hYNPl__l3cdoXRfZwkjg;0,8778ms;44,9919ms;2,3675ms
c8hYNPl__l3cdoXRfZwkjg;8,1568ms;7,1133ms;1,6726ms
c8hYNPl__l3cdoXRfZwkjg;7,6669ms;35,5405ms;2,1713ms
c8hYNPl__l3cdoXRfZwkjg;13,2587ms;50,6119ms;5,9791ms
c8hYNPl__l3cdoXRfZwkjg;9,9536ms;37,6183ms;2,0017ms
c8hYNPl__l3cdoXRfZwkjg;9,3824ms;5,5285ms;1,4952ms
c8hYNPl__l3cdoXRfZwkjg;10,3059ms;43,9683ms;3,3524ms
c8hYNPl__l3cdoXRfZwkjg;8,1475ms;2,2041ms;1,2249ms
c8hYNPl__l3cdoXRfZwkjg;13,6572ms;47,5476ms;2,0188ms
c8hYNPl__l3cdoXRfZwkjg;0,8552ms;2,41ms;0,8384ms
c8hYNPl__l3cdoXRfZwkjg;8,627ms;24,7833ms;2,5913ms
c8hYNPl__l3cdoXRfZwkjg;42,7961ms;3,1597ms;0,9144ms
c8hYNPl__l3cdoXRfZwkjg;63,5327ms;33,3895ms;2,9824ms
c8hYNPl__l3cdoXRfZwkjg;47,551ms;15,2899ms;1,5049ms
c8hYNPl__l3cdoXRfZwkjg;10,9372ms;19,9175ms;1,9927ms
c8hYNPl__l3cdoXRfZwkjg;12,7443ms;38,0806ms;2,9978ms
c8hYNPl__l3cdoXRfZwkjg;0,8136ms;28,4963ms;2,0104ms
c8hYNPl__l3cdoXRfZwkjg;9,1929ms;39,525ms;2,4527ms
c8hYNPl__l3cdoXRfZwkjg;10,8828ms;26,4336ms;2,9909ms
c8hYNPl__l3cdoXRfZwkjg;43,5274ms;44,9358ms;3,8358ms
c8hYNPl__l3cdoXRfZwkjg;14,6594ms;7,7029ms;1,6964ms
c8hYNPl__l3cdoXRfZwkjg;10,2464ms;45,1172ms;2,4357ms
c8hYNPl__l3cdoXRfZwkjg;10,7736ms;1,682ms;1,3956ms
c8hYNPl__l3cdoXRfZwkjg;15,23ms;2,0078ms;1,2098ms
c8hYNPl__l3cdoXRfZwkjg;0,6941ms;42,698ms;2,6907ms
c8hYNPl__l3cdoXRfZwkjg;12,2887ms;15,8621ms;3,6155ms
c8hYNPl__l3cdoXRfZwkjg;11,1713ms;17,3063ms;2,2002ms
c8hYNPl__l3cdoXRfZwkjg;13,3232ms;27,0168ms;3,0947ms
c8hYNPl__l3cdoXRfZwkjg;8,9055ms;1,4236ms;0,9687ms
c8hYNPl__l3cdoXRfZwkjg;7,7812ms;41,4732ms;3,1301ms
c8hYNPl__l3cdoXRfZwkjg;9,6226ms;21,2875ms;1,8518ms
c8hYNPl__l3cdoXRfZwkjg;13,903ms;7,8854ms;1,114ms
c8hYNPl__l3cdoXRfZwkjg;0,6173ms;28,0008ms;2,7785ms
c8hYNPl__l3cdoXRfZwkjg;13,8034ms;13,3886ms;1,2958ms
c8hYNPl__l3cdoXRfZwkjg;36,0922ms;27,257ms;1,5735ms
c8hYNPl__l3cdoXRfZwkjg;15,3063ms;31,4036ms;4,2468ms
c8hYNPl__l3cdoXRfZwkjg;10,5162ms;24,5143ms;2,2861ms
c8hYNPl__l3cdoXRfZwkjg;17,1315ms;33,2744ms;2,3003ms
c8hYNPl__l3cdoXRfZwkjg;16,1447ms;2,4553ms;0,9879ms
c8hYNPl__l3cdoXRfZwkjg;1,1512ms;26,767ms;3,0832ms
c8hYNPl__l3cdoXRfZwkjg;20,7896ms;11,2651ms;1,5018ms
c8hYNPl__l3cdoXRfZwkjg;8,7474ms;7,3454ms;1,3911ms
c8hYNPl__l3cdoXRfZwkjg;8,4843ms;15,7365ms;2,1266ms
c8hYNPl__l3cdoXRfZwkjg;12,7501ms;26,188ms;1,8963ms
c8hYNPl__l3cdoXRfZwkjg;15,6094ms;37,4153ms;1,8701ms
c8hYNPl__l3cdoXRfZwkjg;0,6071ms;3,8841ms;0,8753ms
c8hYNPl__l3cdoXRfZwkjg;71,903ms;52,1359ms;2,2735ms
c8hYNPl__l3cdoXRfZwkjg;8,9468ms;24,0927ms;2,1065ms
c8hYNPl__l3cdoXRfZwkjg;12,2101ms;6,3402ms;1,604ms
c8hYNPl__l3cdoXRfZwkjg;9,5245ms;18,1427ms;2,2769ms
c8hYNPl__l3cdoXRfZwkjg;10,7185ms;1,5967ms;0,9086ms
c8hYNPl__l3cdoXRfZwkjg;0,6075ms;30,7915ms;2,9385ms
c8hYNPl__l3cdoXRfZwkjg;10,8439ms;4,1647ms;0,9299ms
c8hYNPl__l3cdoXRfZwkjg;11,682ms;8,7034ms;1,2902ms
c8hYNPl__l3cdoXRfZwkjg;9,5477ms;25,3666ms;1,7858ms
c8hYNPl__l3cdoXRfZwkjg;35,3329ms;2,5665ms;1,5301ms
c8hYNPl__l3cdoXRfZwkjg;15,4567ms;35,0217ms;2,8827ms
c8hYNPl__l3cdoXRfZwkjg;35,9452ms;16,9044ms;2,1428ms
c8hYNPl__l3cdoXRfZwkjg;12,3706ms;23,5691ms;2,0093ms
c8hYNPl__l3cdoXRfZwkjg;2,2077ms;6,4965ms;1,3629ms
c8hYNPl__l3cdoXRfZwkjg;44,8662ms;13,4602ms;1,2918ms
c8hYNPl__l3cdoXRfZwkjg;10,0923ms;14,424ms;1,1455ms
c8hYNPl__l3cdoXRfZwkjg;11,2494ms;19,116ms;1,6275ms
c8hYNPl__l3cdoXRfZwkjg;11,8681ms;3,6151ms;1,0273ms
c8hYNPl__l3cdoXRfZwkjg;9,0664ms;13,0734ms;1,1713ms
c8hYNPl__l3cdoXRfZwkjg;15,0768ms;2,1383ms;1,4167ms
c8hYNPl__l3cdoXRfZwkjg;0,5256ms;3,0661ms;1,661ms
c8hYNPl__l3cdoXRfZwkjg;11,7431ms;7,5855ms;2,3244ms
c8hYNPl__l3cdoXRfZwkjg;11,8662ms;19,9262ms;2,7893ms
c8hYNPl__l3cdoXRfZwkjg;8,6764ms;1,9041ms;0,9952ms
c8hYNPl__l3cdoXRfZwkjg;9,4944ms;6,7037ms;1,7447ms
c8hYNPl__l3cdoXRfZwkjg;10,452ms;8,5688ms;1,542ms
c8hYNPl__l3cdoXRfZwkjg;21,331ms;9,5859ms;1,236ms
c8hYNPl__l3cdoXRfZwkjg;0,4696ms;3,5327ms;1,3911ms
c8hYNPl__l3cdoXRfZwkjg;9,3333ms;6,8105ms;1,0452ms
c8hYNPl__l3cdoXRfZwkjg;8,7507ms;1,8674ms;1,0784ms
c8hYNPl__l3cdoXRfZwkjg;10,3854ms;7,1704ms;2,1019ms
c8hYNPl__l3cdoXRfZwkjg;18,0729ms;4,423ms;1,5985ms
c8hYNPl__l3cdoXRfZwkjg;0,7172ms;1,8539ms;0,8684ms
c8hYNPl__l3cdoXRfZwkjg;75,2526ms;3,7362ms;1,233ms
c8hYNPl__l3cdoXRfZwkjg;10,9664ms;4,7252ms;1,3643ms
c8hYNPl__l3cdoXRfZwkjg;35,9851ms;4,3685ms;2,1302ms
c8hYNPl__l3cdoXRfZwkjg;12,6085ms;2,5936ms;1,7483ms
c8hYNPl__l3cdoXRfZwkjg;0,5662ms;2,4578ms;1,3463ms
c8hYNPl__l3cdoXRfZwkjg;29,9746ms;1,5576ms;0,8148ms
c8hYNPl__l3cdoXRfZwkjg;7,9524ms;1,0509ms;0,978ms
c8hYNPl__l3cdoXRfZwkjg;11,4344ms;1,4395ms;0,8921ms
c8hYNPl__l3cdoXRfZwkjg;0,5498ms;3,5324ms;1,1707ms
c8hYNPl__l3cdoXRfZwkjg;9,214ms;1,5456ms;0,963ms
c8hYNPl__l3cdoXRfZwkjg;0,4722ms;1,5003ms;0,7829ms
c8hYNPl__l3cdoXRfZwkjg;9,95ms;4,2927ms;1,4352ms
c8hYNPl__l3cdoXRfZwkjg;0,6565ms;2,4562ms;1,467ms
c8hYNPl__l3cdoXRfZwkjg;12,6362ms;9,8886ms;1,2777ms
c8hYNPl__l3cdoXRfZwkjg;0,9808ms;1,2224ms;1,7887ms
c8hYNPl__l3cdoXRfZwkjg;36,3577ms;1,6452ms;0,902ms
c8hYNPl__l3cdoXRfZwkjg;10,5523ms;2,4513ms;0,8991ms
c8hYNPl__l3cdoXRfZwkjg;0,5987ms;2,1964ms;1,199ms
c8hYNPl__l3cdoXRfZwkjg;10,8429ms;2,2084ms;0,7951ms
c8hYNPl__l3cdoXRfZwkjg;0,8971ms;0,8589ms;1,0134ms
c8hYNPl__l3cdoXRfZwkjg;11,6233ms;6,8405ms;1,2425ms
c8hYNPl__l3cdoXRfZwkjg;0,5831ms;2,123ms;0,9963ms
c8hYNPl__l3cdoXRfZwkjg;9,1556ms;24,1556ms;2,0654ms
c8hYNPl__l3cdoXRfZwkjg;0,5137ms;1,9522ms;1,1034ms
c8hYNPl__l3cdoXRfZwkjg;8,4184ms;3,3343ms;1,0023ms
c8hYNPl__l3cdoXRfZwkjg;11,1076ms;7,9898ms;1,1754ms
c8hYNPl__l3cdoXRfZwkjg;11,0659ms;7,3702ms;1,2847ms
c8hYNPl__l3cdoXRfZwkjg;44,8437ms;5,1929ms;1,1382ms
c8hYNPl__l3cdoXRfZwkjg;40,5455ms;4,8241ms;1,0879ms
c8hYNPl__l3cdoXRfZwkjg;41,4958ms;3,3385ms;2,1474ms
c8hYNPl__l3cdoXRfZwkjg;39,9881ms;8,8997ms;1,0934ms
c8hYNPl__l3cdoXRfZwkjg;7,8858ms;0,5631ms;0,7594ms
c8hYNPl__l3cdoXRfZwkjg;9,7398ms;7,2749ms;1,1984ms
c8hYNPl__l3cdoXRfZwkjg;11,2769ms;14,5949ms;1,8189ms
c8hYNPl__l3cdoXRfZwkjg;0,5025ms;5,8283ms;2,0031ms
c8hYNPl__l3cdoXRfZwkjg;9,9662ms;5,7753ms;1,29ms
c8hYNPl__l3cdoXRfZwkjg;10,8274ms;10,126ms;1,4375ms
c8hYNPl__l3cdoXRfZwkjg;0,6064ms;1,9399ms;0,7836ms
c8hYNPl__l3cdoXRfZwkjg;7,8252ms;1,0726ms;0,8221ms
c8hYNPl__l3cdoXRfZwkjg;9,0376ms;2,1531ms;0,8456ms
c8hYNPl__l3cdoXRfZwkjg;10,3532ms;1,3156ms;1,1138ms
c8hYNPl__l3cdoXRfZwkjg;11,2877ms;6,3376ms;1,3607ms
c8hYNPl__l3cdoXRfZwkjg;11,8071ms;1,1311ms;1,5754ms
c8hYNPl__l3cdoXRfZwkjg;8,9686ms;1,0443ms;1,2865ms
c8hYNPl__l3cdoXRfZwkjg;8,9973ms;1,4618ms;1,346ms
c8hYNPl__l3cdoXRfZwkjg;7,9606ms;0,8365ms;1,2624ms
c8hYNPl__l3cdoXRfZwkjg;8,9208ms;1,4702ms;0,9179ms
c8hYNPl__l3cdoXRfZwkjg;8,1314ms;2,3861ms;0,964ms
c8hYNPl__l3cdoXRfZwkjg;10,5217ms;0,9884ms;0,9128ms
c8hYNPl__l3cdoXRfZwkjg;0,5477ms;1,6772ms;1,1861ms
c8hYNPl__l3cdoXRfZwkjg;8,8552ms;2,6965ms;1,0901ms
c8hYNPl__l3cdoXRfZwkjg;14,3907ms;6,3343ms;2,3973ms
c8hYNPl__l3cdoXRfZwkjg;1,3736ms;3,2704ms;1,562ms
c8hYNPl__l3cdoXRfZwkjg;14,0449ms;4,9555ms;1,6725ms
c8hYNPl__l3cdoXRfZwkjg;0,7002ms;1,0764ms;0,9926ms
c8hYNPl__l3cdoXRfZwkjg;10,9062ms;4,5332ms;1,9902ms
c8hYNPl__l3cdoXRfZwkjg;0,9547ms;3,5655ms;3,2829ms
c8hYNPl__l3cdoXRfZwkjg;45,8153ms;12,7887ms;2,0079ms
c8hYNPl__l3cdoXRfZwkjg;0,6252ms;3,9091ms;1,069ms
c8hYNPl__l3cdoXRfZwkjg;10,6265ms;1,945ms;1,1811ms
c8hYNPl__l3cdoXRfZwkjg;16,9188ms;17,9823ms;1,4899ms
c8hYNPl__l3cdoXRfZwkjg;0,8181ms;1,584ms;2,447ms
c8hYNPl__l3cdoXRfZwkjg;14,7569ms;1,5969ms;1,5343ms
c8hYNPl__l3cdoXRfZwkjg;41,2585ms;3,9365ms;1,0098ms
c8hYNPl__l3cdoXRfZwkjg;9,2147ms;1,6514ms;1,201ms
c8hYNPl__l3cdoXRfZwkjg;11,4488ms;3,0051ms;1,2182ms
c8hYNPl__l3cdoXRfZwkjg;11,8213ms;2,6692ms;2,6656ms
c8hYNPl__l3cdoXRfZwkjg;45,368ms;8,0996ms;1,942ms
c8hYNPl__l3cdoXRfZwkjg;12,7513ms;16,3845ms;2,6642ms
c8hYNPl__l3cdoXRfZwkjg;12,203ms;2,5348ms;1,0748ms
c8hYNPl__l3cdoXRfZwkjg;10,6647ms;2,0848ms;0,9025ms
c8hYNPl__l3cdoXRfZwkjg;30,4793ms;2,2034ms;2,8746ms
c8hYNPl__l3cdoXRfZwkjg;12,2242ms;1,0434ms;1,4153ms
c8hYNPl__l3cdoXRfZwkjg;8,7625ms;7,0196ms;1,4172ms
c8hYNPl__l3cdoXRfZwkjg;21,8055ms;2,6803ms;2,5887ms
c8hYNPl__l3cdoXRfZwkjg;0,6479ms;2,0814ms;0,9721ms
c8hYNPl__l3cdoXRfZwkjg;10,898ms;1,1118ms;2,0341ms
c8hYNPl__l3cdoXRfZwkjg;11,0843ms;1,3891ms;0,8447ms
c8hYNPl__l3cdoXRfZwkjg;0,963ms;1,4956ms;1,1876ms
c8hYNPl__l3cdoXRfZwkjg;19,7157ms;0,6781ms;0,8782ms
c8hYNPl__l3cdoXRfZwkjg;1,1753ms;1,0376ms;1,3648ms
c8hYNPl__l3cdoXRfZwkjg;0,5837ms;0,3853ms;0,7864ms
c8hYNPl__l3cdoXRfZwkjg;9,87ms;0,2912ms;0,7198ms
c8hYNPl__l3cdoXRfZwkjg;0,5135ms;62,9051ms;3,7801ms
c8hYNPl__l3cdoXRfZwkjg;10,8025ms;42,1213ms;2,4253ms
c8hYNPl__l3cdoXRfZwkjg;8,2207ms;37,3419ms;3,2536ms
c8hYNPl__l3cdoXRfZwkjg;14,1239ms;59,0764ms;3,992ms
c8hYNPl__l3cdoXRfZwkjg;7,9077ms;39,6031ms;2,3435ms
c8hYNPl__l3cdoXRfZwkjg;12,907ms;109,4187ms;6,7899ms
c8hYNPl__l3cdoXRfZwkjg;13,8882ms;43,4123ms;2,8581ms
c8hYNPl__l3cdoXRfZwkjg;0,5939ms;36,7421ms;3,4644ms
c8hYNPl__l3cdoXRfZwkjg;47,6822ms;39,4777ms;2,6241ms
c8hYNPl__l3cdoXRfZwkjg;11,9315ms;31,2218ms;3,0614ms
c8hYNPl__l3cdoXRfZwkjg;10,8881ms;4,0173ms;4,6249ms
c8hYNPl__l3cdoXRfZwkjg;11,9926ms;32,1484ms;2,5967ms
c8hYNPl__l3cdoXRfZwkjg;11,2956ms;22,5335ms;1,9874ms
c8hYNPl__l3cdoXRfZwkjg;10,3243ms;7,2231ms;1,5111ms
c8hYNPl__l3cdoXRfZwkjg;1,0748ms;7,6946ms;1,5586ms
c8hYNPl__l3cdoXRfZwkjg;8,8ms;6,5424ms;1,9486ms
c8hYNPl__l3cdoXRfZwkjg;9,1792ms;33,3374ms;2,7047ms
c8hYNPl__l3cdoXRfZwkjg;9,9668ms;38,7471ms;5,4486ms
c8hYNPl__l3cdoXRfZwkjg;10,4852ms;38,8631ms;2,7972ms
c8hYNPl__l3cdoXRfZwkjg;11,7976ms;6,467ms;1,1578ms
c8hYNPl__l3cdoXRfZwkjg;8,8736ms;1,984ms;1,4891ms
c8hYNPl__l3cdoXRfZwkjg;12,8445ms;28,3421ms;2,3866ms
c8hYNPl__l3cdoXRfZwkjg;0,5936ms;39,2228ms;4,3257ms
c8hYNPl__l3cdoXRfZwkjg;11,9811ms;6,1612ms;1,4086ms
c8hYNPl__l3cdoXRfZwkjg;11,611ms;1,5208ms;1,6531ms
c8hYNPl__l3cdoXRfZwkjg;42,903ms;56,7285ms;3,1172ms
c8hYNPl__l3cdoXRfZwkjg;12,529ms;13,8333ms;1,9435ms
c8hYNPl__l3cdoXRfZwkjg;9,2335ms;45,5832ms;2,1182ms
c8hYNPl__l3cdoXRfZwkjg;13,2952ms;38,062ms;2,327ms
c8hYNPl__l3cdoXRfZwkjg;14,9742ms;8,5731ms;1,1714ms
c8hYNPl__l3cdoXRfZwkjg;0,5005ms;5,2742ms;1,0426ms
c8hYNPl__l3cdoXRfZwkjg;8,3973ms;38,6169ms;2,5529ms
c8hYNPl__l3cdoXRfZwkjg;12,7885ms;23,0823ms;1,9972ms
c8hYNPl__l3cdoXRfZwkjg;9,6251ms;31,1472ms;2,8128ms
c8hYNPl__l3cdoXRfZwkjg;70,1624ms;23,6275ms;2,7392ms
c8hYNPl__l3cdoXRfZwkjg;12,5181ms;11,8785ms;1,9305ms
c8hYNPl__l3cdoXRfZwkjg;12,1716ms;22,0987ms;1,803ms
c8hYNPl__l3cdoXRfZwkjg;15,3636ms;3,111ms;1,5697ms
c8hYNPl__l3cdoXRfZwkjg;12,4955ms;55,1808ms;2,3219ms
c8hYNPl__l3cdoXRfZwkjg;0,5733ms;5,8417ms;1,0129ms
c8hYNPl__l3cdoXRfZwkjg;44,6847ms;21,4836ms;1,7343ms
c8hYNPl__l3cdoXRfZwkjg;8,6884ms;4,6638ms;1,9042ms
c8hYNPl__l3cdoXRfZwkjg;10,5104ms;11,3128ms;1,9102ms
c8hYNPl__l3cdoXRfZwkjg;9,889ms;3,183ms;1,186ms
c8hYNPl__l3cdoXRfZwkjg;11,3795ms;32,0353ms;2,1492ms
c8hYNPl__l3cdoXRfZwkjg;15,1465ms;5,4614ms;1,4582ms
c8hYNPl__l3cdoXRfZwkjg;0,509ms;5,1574ms;1,0546ms
c8hYNPl__l3cdoXRfZwkjg;8,9476ms;44,5617ms;3,2338ms
c8hYNPl__l3cdoXRfZwkjg;46,1481ms;20,3254ms;2,52ms
c8hYNPl__l3cdoXRfZwkjg;10,2077ms;22,2857ms;1,722ms
c8hYNPl__l3cdoXRfZwkjg;9,6412ms;24,9787ms;4,1989ms
c8hYNPl__l3cdoXRfZwkjg;11,6575ms;2,8057ms;1,6658ms
c8hYNPl__l3cdoXRfZwkjg;18,1795ms;26,098ms;2,4404ms
c8hYNPl__l3cdoXRfZwkjg;1,463ms;11,802ms;2,1948ms
c8hYNPl__l3cdoXRfZwkjg;11,1359ms;42,9012ms;2,5617ms
c8hYNPl__l3cdoXRfZwkjg;128,4894ms;16,9046ms;2,1021ms
c8hYNPl__l3cdoXRfZwkjg;11,0636ms;19,8708ms;1,9759ms
c8hYNPl__l3cdoXRfZwkjg;8,2848ms;33,3122ms;2,6763ms
c8hYNPl__l3cdoXRfZwkjg;10,3713ms;41,6441ms;3,059ms
c8hYNPl__l3cdoXRfZwkjg;47,918ms;46,0368ms;3,1788ms
c8hYNPl__l3cdoXRfZwkjg;1,4592ms;28,1786ms;2,9644ms
c8hYNPl__l3cdoXRfZwkjg;9,6351ms;10,4836ms;2,6231ms
c8hYNPl__l3cdoXRfZwkjg;11,0509ms;20,0472ms;4,6099ms
c8hYNPl__l3cdoXRfZwkjg;10,0642ms;22,6831ms;2,1807ms
c8hYNPl__l3cdoXRfZwkjg;11,4989ms;45,5945ms;3,1138ms
c8hYNPl__l3cdoXRfZwkjg;9,8895ms;2,1449ms;1,6536ms
c8hYNPl__l3cdoXRfZwkjg;49,6452ms;44,2534ms;2,3694ms
c8hYNPl__l3cdoXRfZwkjg;9,2322ms;1,7327ms;1,2991ms
c8hYNPl__l3cdoXRfZwkjg;11,714ms;56,9527ms;3,0668ms
c8hYNPl__l3cdoXRfZwkjg;0,5613ms;1,8694ms;0,8587ms
c8hYNPl__l3cdoXRfZwkjg;68,0614ms;37,9988ms;2,5919ms
c8hYNPl__l3cdoXRfZwkjg;9,7042ms;6,2645ms;1,1735ms
c8hYNPl__l3cdoXRfZwkjg;9,27ms;22,3488ms;2,5063ms
c8hYNPl__l3cdoXRfZwkjg;47,1483ms;9,195ms;1,4454ms
c8hYNPl__l3cdoXRfZwkjg;33,0328ms;35,1319ms;1,9587ms
c8hYNPl__l3cdoXRfZwkjg;13,7737ms;32,7125ms;2,594ms
c8hYNPl__l3cdoXRfZwkjg;0,6249ms;45,1597ms;3,3141ms
c8hYNPl__l3cdoXRfZwkjg;10,2799ms;28,7116ms;3,2817ms
c8hYNPl__l3cdoXRfZwkjg;12,2506ms;36,9961ms;2,7069ms
c8hYNPl__l3cdoXRfZwkjg;11,5445ms;26,1482ms;2,7162ms
c8hYNPl__l3cdoXRfZwkjg;41,6294ms;8,1335ms;1,8319ms
c8hYNPl__l3cdoXRfZwkjg;10,5068ms;24,4384ms;2,8287ms
c8hYNPl__l3cdoXRfZwkjg;9,0976ms;1,5751ms;1,0251ms
c8hYNPl__l3cdoXRfZwkjg;11,0685ms;2,6209ms;0,8824ms
c8hYNPl__l3cdoXRfZwkjg;0,4788ms;33,5378ms;2,1205ms
c8hYNPl__l3cdoXRfZwkjg;8,4839ms;9,9082ms;1,481ms
c8hYNPl__l3cdoXRfZwkjg;9,0778ms;10,7707ms;2,7688ms
c8hYNPl__l3cdoXRfZwkjg;9,0448ms;24,3393ms;2,9823ms
c8hYNPl__l3cdoXRfZwkjg;12,4387ms;1,6451ms;0,9635ms
c8hYNPl__l3cdoXRfZwkjg;9,8846ms;35,9126ms;3,4849ms
c8hYNPl__l3cdoXRfZwkjg;10,4275ms;23,203ms;2,2541ms
c8hYNPl__l3cdoXRfZwkjg;15,847ms;4,925ms;1,5846ms
c8hYNPl__l3cdoXRfZwkjg;1,1291ms;24,0137ms;2,6499ms
c8hYNPl__l3cdoXRfZwkjg;47,6681ms;8,5169ms;1,3441ms
c8hYNPl__l3cdoXRfZwkjg;11,5752ms;24,3817ms;2,1947ms
c8hYNPl__l3cdoXRfZwkjg;10,8367ms;26,2445ms;2,9629ms
c8hYNPl__l3cdoXRfZwkjg;12,2329ms;17,4008ms;2,1363ms
c8hYNPl__l3cdoXRfZwkjg;10,2844ms;27,8655ms;2,2144ms
c8hYNPl__l3cdoXRfZwkjg;13,8139ms;2,1709ms;0,9658ms
c8hYNPl__l3cdoXRfZwkjg;0,8513ms;16,6329ms;1,6746ms
c8hYNPl__l3cdoXRfZwkjg;11,4953ms;9,143ms;1,5337ms
c8hYNPl__l3cdoXRfZwkjg;10,4518ms;6,821ms;1,6055ms
c8hYNPl__l3cdoXRfZwkjg;8,7913ms;17,3983ms;2,7886ms
c8hYNPl__l3cdoXRfZwkjg;43,0252ms;25,4159ms;1,4065ms
c8hYNPl__l3cdoXRfZwkjg;13,583ms;29,2484ms;2,9302ms
c8hYNPl__l3cdoXRfZwkjg;0,5617ms;3,8503ms;1,2767ms
c8hYNPl__l3cdoXRfZwkjg;10,1398ms;23,1703ms;2,4869ms
c8hYNPl__l3cdoXRfZwkjg;13,4527ms;22,8204ms;2,7372ms
c8hYNPl__l3cdoXRfZwkjg;67,6198ms;3,8711ms;1,809ms
c8hYNPl__l3cdoXRfZwkjg;11,7028ms;26,611ms;1,5806ms
c8hYNPl__l3cdoXRfZwkjg;13,1768ms;1,7399ms;3,0366ms
c8hYNPl__l3cdoXRfZwkjg;0,4755ms;19,9269ms;2,7594ms
c8hYNPl__l3cdoXRfZwkjg;12,8492ms;1,9006ms;1,4788ms
c8hYNPl__l3cdoXRfZwkjg;9,5587ms;10,3892ms;1,7099ms
c8hYNPl__l3cdoXRfZwkjg;8,3774ms;22,3594ms;1,573ms
c8hYNPl__l3cdoXRfZwkjg;8,5763ms;1,8476ms;0,9061ms
c8hYNPl__l3cdoXRfZwkjg;8,6427ms;11,3478ms;1,6856ms
c8hYNPl__l3cdoXRfZwkjg;11,4501ms;13,4386ms;1,4905ms
c8hYNPl__l3cdoXRfZwkjg;12,0422ms;23,2383ms;1,4739ms
c8hYNPl__l3cdoXRfZwkjg;0,6038ms;5,1155ms;1,1766ms
c8hYNPl__l3cdoXRfZwkjg;8,6457ms;9,1637ms;1,6622ms
c8hYNPl__l3cdoXRfZwkjg;9,8286ms;12,7459ms;1,3745ms
c8hYNPl__l3cdoXRfZwkjg;10,263ms;14,7038ms;1,3349ms
c8hYNPl__l3cdoXRfZwkjg;9,2568ms;4,2695ms;1,1692ms
c8hYNPl__l3cdoXRfZwkjg;10,5435ms;19,8115ms;2,3912ms
c8hYNPl__l3cdoXRfZwkjg;14,6419ms;2,9338ms;1,2366ms
c8hYNPl__l3cdoXRfZwkjg;0,5304ms;1,598ms;0,8667ms
c8hYNPl__l3cdoXRfZwkjg;9,7065ms;3,6773ms;1,7648ms
c8hYNPl__l3cdoXRfZwkjg;16,5603ms;12,0789ms;1,641ms
c8hYNPl__l3cdoXRfZwkjg;62,9219ms;3,9534ms;1,41ms
c8hYNPl__l3cdoXRfZwkjg;40,8185ms;13,2305ms;1,3602ms
c8hYNPl__l3cdoXRfZwkjg;12,4218ms;8,4153ms;1,8046ms
c8hYNPl__l3cdoXRfZwkjg;16,9868ms;13,688ms;2,0921ms
c8hYNPl__l3cdoXRfZwkjg;0,5558ms;4,5874ms;1,179ms
c8hYNPl__l3cdoXRfZwkjg;6,9405ms;5,4084ms;3,0851ms
c8hYNPl__l3cdoXRfZwkjg;8,7871ms;1,1572ms;0,826ms
c8hYNPl__l3cdoXRfZwkjg;7,9241ms;6,0156ms;1,1647ms
c8hYNPl__l3cdoXRfZwkjg;11,4497ms;2,5851ms;0,8562ms
c8hYNPl__l3cdoXRfZwkjg;0,6221ms;1,3054ms;0,7529ms
c8hYNPl__l3cdoXRfZwkjg;8,0979ms;2,1686ms;1,273ms
c8hYNPl__l3cdoXRfZwkjg;9,4217ms;3,8246ms;0,9906ms
c8hYNPl__l3cdoXRfZwkjg;68,9066ms;3,1156ms;1,3734ms
c8hYNPl__l3cdoXRfZwkjg;12,2107ms;3,7071ms;1,3661ms
c8hYNPl__l3cdoXRfZwkjg;0,7069ms;2,5499ms;0,8622ms
c8hYNPl__l3cdoXRfZwkjg;8,8208ms;1,7172ms;1,1534ms
c8hYNPl__l3cdoXRfZwkjg;43,1162ms;1,0024ms;1,2242ms
c8hYNPl__l3cdoXRfZwkjg;10,9072ms;1,5436ms;0,9763ms
c8hYNPl__l3cdoXRfZwkjg;1,5232ms;3,3934ms;2,1292ms
c8hYNPl__l3cdoXRfZwkjg;16,4809ms;3,2968ms;1,4135ms
c8hYNPl__l3cdoXRfZwkjg;0,9477ms;1,4276ms;1,5606ms
c8hYNPl__l3cdoXRfZwkjg;11,9818ms;6,6051ms;1,3129ms
c8hYNPl__l3cdoXRfZwkjg;0,9519ms;3,3515ms;1,8401ms
c8hYNPl__l3cdoXRfZwkjg;17,3438ms;7,0849ms;1,4355ms
c8hYNPl__l3cdoXRfZwkjg;0,6324ms;1,0426ms;1,7264ms
c8hYNPl__l3cdoXRfZwkjg;9,2187ms;1,7138ms;0,9509ms
c8hYNPl__l3cdoXRfZwkjg;11,1885ms;2,8069ms;0,9085ms
c8hYNPl__l3cdoXRfZwkjg;0,4597ms;3,2406ms;1,207ms
c8hYNPl__l3cdoXRfZwkjg;13,4765ms;4,0057ms;1,2922ms
c8hYNPl__l3cdoXRfZwkjg;0,7257ms;1,0004ms;0,7987ms
c8hYNPl__l3cdoXRfZwkjg;10,9719ms;3,9266ms;0,943ms
c8hYNPl__l3cdoXRfZwkjg;0,8309ms;2,3436ms;1,5948ms
c8hYNPl__l3cdoXRfZwkjg;12,5735ms;16,7537ms;1,6657ms
c8hYNPl__l3cdoXRfZwkjg;0,5619ms;1,7988ms;1,0128ms
c8hYNPl__l3cdoXRfZwkjg;9,223ms;5,3458ms;1,252ms
c8hYNPl__l3cdoXRfZwkjg;38,4217ms;6,7749ms;1,9925ms
c8hYNPl__l3cdoXRfZwkjg;9,7534ms;4,6281ms;1,0248ms
c8hYNPl__l3cdoXRfZwkjg;9,1792ms;6,4486ms;1,9268ms
c8hYNPl__l3cdoXRfZwkjg;8,8354ms;6,9654ms;1,233ms
c8hYNPl__l3cdoXRfZwkjg;43,1335ms;3,2749ms;1,9512ms
c8hYNPl__l3cdoXRfZwkjg;45,8649ms;4,5299ms;1,578ms
c8hYNPl__l3cdoXRfZwkjg;9,1016ms;0,9436ms;1,2121ms
c8hYNPl__l3cdoXRfZwkjg;8,6473ms;4,3517ms;1,1364ms
c8hYNPl__l3cdoXRfZwkjg;9,8328ms;10,8319ms;1,2092ms
c8hYNPl__l3cdoXRfZwkjg;0,7392ms;3,3844ms;1,8024ms
c8hYNPl__l3cdoXRfZwkjg;9,9148ms;5,9174ms;1,1764ms
c8hYNPl__l3cdoXRfZwkjg;15,4537ms;9,0456ms;2,1943ms
c8hYNPl__l3cdoXRfZwkjg;0,8556ms;1,9517ms;0,8213ms
c8hYNPl__l3cdoXRfZwkjg;12,3463ms;1,8759ms;1,6035ms
c8hYNPl__l3cdoXRfZwkjg;13,4629ms;2,3804ms;2,0742ms
c8hYNPl__l3cdoXRfZwkjg;11,4281ms;1,5164ms;1,7944ms
c8hYNPl__l3cdoXRfZwkjg;12,6368ms;7,0937ms;1,8111ms
c8hYNPl__l3cdoXRfZwkjg;10,5297ms;1,095ms;1,1745ms
c8hYNPl__l3cdoXRfZwkjg;8,0387ms;1,0455ms;1,1909ms
c8hYNPl__l3cdoXRfZwkjg;8,2122ms;1,1206ms;1,2833ms
c8hYNPl__l3cdoXRfZwkjg;7,9349ms;0,8731ms;0,7258ms
c8hYNPl__l3cdoXRfZwkjg;8,876ms;1,0218ms;0,8401ms
c8hYNPl__l3cdoXRfZwkjg;13,1593ms;2,6612ms;1,0515ms
c8hYNPl__l3cdoXRfZwkjg;11,1574ms;0,8858ms;1,2034ms
c8hYNPl__l3cdoXRfZwkjg;0,4868ms;1,0952ms;1,1657ms
c8hYNPl__l3cdoXRfZwkjg;8,1174ms;3,2934ms;0,9656ms
c8hYNPl__l3cdoXRfZwkjg;10,9169ms;4,7932ms;1,1042ms
c8hYNPl__l3cdoXRfZwkjg;1,1847ms;2,0008ms;1,0817ms
c8hYNPl__l3cdoXRfZwkjg;12,72ms;5,0175ms;1,2783ms
c8hYNPl__l3cdoXRfZwkjg;0,7061ms;0,7029ms;0,9199ms
c8hYNPl__l3cdoXRfZwkjg;11,6808ms;4,5275ms;1,5767ms
c8hYNPl__l3cdoXRfZwkjg;0,5588ms;1,6069ms;0,8058ms
c8hYNPl__l3cdoXRfZwkjg;10,5567ms;5,6134ms;1,0611ms
c8hYNPl__l3cdoXRfZwkjg;0,4527ms;2,5458ms;1,0458ms
c8hYNPl__l3cdoXRfZwkjg;11,0488ms;2,0106ms;0,9171ms
c8hYNPl__l3cdoXRfZwkjg;12,2719ms;17,4535ms;2,3956ms
c8hYNPl__l3cdoXRfZwkjg;1,0271ms;1,0632ms;1,1443ms
c8hYNPl__l3cdoXRfZwkjg;12,5525ms;2,2274ms;1,0567ms
c8hYNPl__l3cdoXRfZwkjg;8,5512ms;1,6664ms;0,9318ms
c8hYNPl__l3cdoXRfZwkjg;8,6268ms;1,4647ms;0,8309ms
c8hYNPl__l3cdoXRfZwkjg;8,4005ms;2,7824ms;0,8905ms
c8hYNPl__l3cdoXRfZwkjg;9,1241ms;1,541ms;0,9066ms
c8hYNPl__l3cdoXRfZwkjg;8,9411ms;7,2973ms;1,3183ms
c8hYNPl__l3cdoXRfZwkjg;9,0269ms;10,1473ms;1,8503ms
c8hYNPl__l3cdoXRfZwkjg;11,7127ms;2,2364ms;1,0802ms
c8hYNPl__l3cdoXRfZwkjg;10,2358ms;1,5647ms;1,0401ms
c8hYNPl__l3cdoXRfZwkjg;72,8607ms;1,0676ms;1,2668ms
c8hYNPl__l3cdoXRfZwkjg;47,5964ms;1,0867ms;0,7562ms
c8hYNPl__l3cdoXRfZwkjg;10,4098ms;2,5269ms;1,9661ms
c8hYNPl__l3cdoXRfZwkjg;12,1393ms;1,1989ms;1,2537ms
c8hYNPl__l3cdoXRfZwkjg;0,54ms;3,1285ms;0,9367ms
c8hYNPl__l3cdoXRfZwkjg;9,6591ms;1,5803ms;0,9607ms
c8hYNPl__l3cdoXRfZwkjg;11,1395ms;0,9738ms;0,7812ms
c8hYNPl__l3cdoXRfZwkjg;0,982ms;1,3326ms;2,1971ms
c8hYNPl__l3cdoXRfZwkjg;13,9107ms;0,8112ms;1,5169ms
c8hYNPl__l3cdoXRfZwkjg;0,6951ms;0,8922ms;2,6118ms
c8hYNPl__l3cdoXRfZwkjg;0,4942ms;0,538ms;0,7505ms
c8hYNPl__l3cdoXRfZwkjg;11,6329ms;0,3841ms;0,8163ms
c8hYNPl__l3cdoXRfZwkjg;0,5457ms;43,2917ms;2,698ms
c8hYNPl__l3cdoXRfZwkjg;13,1005ms;34,4725ms;3,0056ms
c8hYNPl__l3cdoXRfZwkjg;39,6052ms;57,9607ms;2,5407ms
c8hYNPl__l3cdoXRfZwkjg;10,1101ms;41,3556ms;2,1089ms
c8hYNPl__l3cdoXRfZwkjg;11,3561ms;75,6346ms;2,5857ms
c8hYNPl__l3cdoXRfZwkjg;11,9645ms;81,914ms;3,3087ms
c8hYNPl__l3cdoXRfZwkjg;25,232ms;46,9736ms;3,7973ms
c8hYNPl__l3cdoXRfZwkjg;0,572ms;53,7281ms;3,2137ms
c8hYNPl__l3cdoXRfZwkjg;10,0102ms;37,7899ms;3,0856ms
c8hYNPl__l3cdoXRfZwkjg;11,1743ms;28,4909ms;2,9438ms
c8hYNPl__l3cdoXRfZwkjg;9,1042ms;2,057ms;1,8757ms
c8hYNPl__l3cdoXRfZwkjg;45,3121ms;48,4984ms;3,574ms
c8hYNPl__l3cdoXRfZwkjg;44,2566ms;27,231ms;2,6913ms
c8hYNPl__l3cdoXRfZwkjg;18,6215ms;7,6219ms;1,6646ms
c8hYNPl__l3cdoXRfZwkjg;0,6946ms;4,9854ms;1,9895ms
c8hYNPl__l3cdoXRfZwkjg;31,631ms;7,5207ms;1,4141ms
c8hYNPl__l3cdoXRfZwkjg;10,2565ms;40,637ms;2,4284ms
c8hYNPl__l3cdoXRfZwkjg;42,2007ms;53,9044ms;1,8718ms
c8hYNPl__l3cdoXRfZwkjg;10,2616ms;55,1299ms;2,595ms
c8hYNPl__l3cdoXRfZwkjg;10,1873ms;10,1343ms;1,0236ms
c8hYNPl__l3cdoXRfZwkjg;9,8444ms;1,3019ms;0,9062ms
c8hYNPl__l3cdoXRfZwkjg;12,2389ms;39,4254ms;3,2708ms
c8hYNPl__l3cdoXRfZwkjg;0,8313ms;64,4754ms;2,2636ms
c8hYNPl__l3cdoXRfZwkjg;10,1976ms;10,9186ms;1,5087ms
c8hYNPl__l3cdoXRfZwkjg;38,1503ms;1,3488ms;1,2633ms
c8hYNPl__l3cdoXRfZwkjg;10,3579ms;78,8097ms;6,0607ms
c8hYNPl__l3cdoXRfZwkjg;12,7734ms;13,7966ms;2,1423ms
c8hYNPl__l3cdoXRfZwkjg;45,7067ms;32,5305ms;2,4157ms
c8hYNPl__l3cdoXRfZwkjg;43,5958ms;53,7941ms;3,0005ms
c8hYNPl__l3cdoXRfZwkjg;33,0739ms;13,2285ms;0,936ms
c8hYNPl__l3cdoXRfZwkjg;0,5983ms;12,5709ms;1,1685ms
c8hYNPl__l3cdoXRfZwkjg;8,3677ms;20,4229ms;2,8756ms
c8hYNPl__l3cdoXRfZwkjg;9,839ms;15,6916ms;2,0039ms
c8hYNPl__l3cdoXRfZwkjg;11,1796ms;34,1469ms;2,1101ms
c8hYNPl__l3cdoXRfZwkjg;43,2717ms;41,7503ms;3,0366ms
c8hYNPl__l3cdoXRfZwkjg;12,599ms;8,9602ms;1,6885ms
c8hYNPl__l3cdoXRfZwkjg;11,0279ms;13,3497ms;1,7341ms
c8hYNPl__l3cdoXRfZwkjg;12,7703ms;2,282ms;2,7698ms
c8hYNPl__l3cdoXRfZwkjg;10,9085ms;34,4757ms;2,2656ms
c8hYNPl__l3cdoXRfZwkjg;0,6849ms;6,3685ms;1,7613ms
c8hYNPl__l3cdoXRfZwkjg;9,7775ms;19,5526ms;1,7465ms
c8hYNPl__l3cdoXRfZwkjg;9,9171ms;4,6377ms;1,1581ms
c8hYNPl__l3cdoXRfZwkjg;11,162ms;19,1845ms;1,893ms
c8hYNPl__l3cdoXRfZwkjg;11,7389ms;3,6475ms;2,1946ms
c8hYNPl__l3cdoXRfZwkjg;11,4199ms;42,3584ms;4,0372ms
c8hYNPl__l3cdoXRfZwkjg;11,3331ms;3,4144ms;1,1174ms
c8hYNPl__l3cdoXRfZwkjg;0,6419ms;9,9424ms;2,799ms
c8hYNPl__l3cdoXRfZwkjg;11,9147ms;47,0103ms;4,2493ms
c8hYNPl__l3cdoXRfZwkjg;10,9188ms;43,3645ms;1,8288ms
c8hYNPl__l3cdoXRfZwkjg;14,8955ms;45,1438ms;2,4406ms
c8hYNPl__l3cdoXRfZwkjg;11,8837ms;28,7737ms;2,6216ms
c8hYNPl__l3cdoXRfZwkjg;10,1681ms;1,9464ms;1,0093ms
c8hYNPl__l3cdoXRfZwkjg;15,0586ms;44,4227ms;3,981ms
c8hYNPl__l3cdoXRfZwkjg;1,051ms;8,497ms;1,3067ms
c8hYNPl__l3cdoXRfZwkjg;66,8591ms;68,3297ms;2,6474ms
c8hYNPl__l3cdoXRfZwkjg;11,3014ms;16,7685ms;1,5141ms
c8hYNPl__l3cdoXRfZwkjg;46,3498ms;33,8031ms;3,0197ms
c8hYNPl__l3cdoXRfZwkjg;10,4191ms;66,9961ms;4,2848ms
c8hYNPl__l3cdoXRfZwkjg;38,3854ms;44,3086ms;2,4206ms
c8hYNPl__l3cdoXRfZwkjg;21,9899ms;47,8531ms;3,0519ms
c8hYNPl__l3cdoXRfZwkjg;0,5588ms;31,1955ms;3,4253ms
c8hYNPl__l3cdoXRfZwkjg;9,3501ms;6,4983ms;2,3949ms
c8hYNPl__l3cdoXRfZwkjg;8,7169ms;19,9131ms;2,2343ms
c8hYNPl__l3cdoXRfZwkjg;10,0177ms;36,3954ms;2,0846ms
c8hYNPl__l3cdoXRfZwkjg;15,8487ms;30,8449ms;2,3721ms
c8hYNPl__l3cdoXRfZwkjg;34,487ms;3,1414ms;2,0688ms
c8hYNPl__l3cdoXRfZwkjg;10,2834ms;47,8155ms;2,5183ms
c8hYNPl__l3cdoXRfZwkjg;10,5001ms;2,1335ms;1,1268ms
c8hYNPl__l3cdoXRfZwkjg;11,4678ms;38,8716ms;2,7815ms
c8hYNPl__l3cdoXRfZwkjg;0,5199ms;2,191ms;1,6514ms
c8hYNPl__l3cdoXRfZwkjg;8,6572ms;33,3559ms;2,0971ms
c8hYNPl__l3cdoXRfZwkjg;10,3995ms;3,8617ms;1,7873ms
c8hYNPl__l3cdoXRfZwkjg;8,7447ms;31,3712ms;1,4653ms
c8hYNPl__l3cdoXRfZwkjg;42,1418ms;21,2771ms;2,5998ms
c8hYNPl__l3cdoXRfZwkjg;10,9106ms;30,3813ms;2,3949ms
c8hYNPl__l3cdoXRfZwkjg;15,8223ms;38,4912ms;2,1326ms
c8hYNPl__l3cdoXRfZwkjg;0,5658ms;42,9092ms;2,4676ms
c8hYNPl__l3cdoXRfZwkjg;10,1255ms;27,0866ms;2,3138ms
c8hYNPl__l3cdoXRfZwkjg;30,0283ms;15,7119ms;2,2686ms
c8hYNPl__l3cdoXRfZwkjg;8,7297ms;21,3149ms;1,5847ms
c8hYNPl__l3cdoXRfZwkjg;9,1172ms;6,5025ms;1,2363ms
c8hYNPl__l3cdoXRfZwkjg;10,8607ms;41,6507ms;3,6196ms
c8hYNPl__l3cdoXRfZwkjg;66,555ms;2,1444ms;1,3307ms
c8hYNPl__l3cdoXRfZwkjg;13,543ms;2,6352ms;1,2957ms
c8hYNPl__l3cdoXRfZwkjg;0,5116ms;34,5585ms;2,4173ms
c8hYNPl__l3cdoXRfZwkjg;13,6298ms;16,3068ms;1,711ms
c8hYNPl__l3cdoXRfZwkjg;41,4848ms;10,3104ms;2,0253ms
c8hYNPl__l3cdoXRfZwkjg;46,2461ms;28,9ms;2,4223ms
c8hYNPl__l3cdoXRfZwkjg;10,1439ms;3,5127ms;1,1968ms
c8hYNPl__l3cdoXRfZwkjg;9,4945ms;22,9479ms;2,1124ms
c8hYNPl__l3cdoXRfZwkjg;70,285ms;28,0073ms;2,334ms
c8hYNPl__l3cdoXRfZwkjg;15,5619ms;8,7959ms;1,0535ms
c8hYNPl__l3cdoXRfZwkjg;0,5271ms;30,5496ms;2,2582ms
c8hYNPl__l3cdoXRfZwkjg;9,8412ms;7,6543ms;1,1736ms
c8hYNPl__l3cdoXRfZwkjg;10,8183ms;18,7451ms;1,5113ms
c8hYNPl__l3cdoXRfZwkjg;9,7307ms;30,0821ms;1,6981ms
c8hYNPl__l3cdoXRfZwkjg;12,6261ms;22,0308ms;2,0564ms
c8hYNPl__l3cdoXRfZwkjg;65,4206ms;26,7276ms;1,5802ms
c8hYNPl__l3cdoXRfZwkjg;12,3498ms;1,6355ms;0,8897ms
c8hYNPl__l3cdoXRfZwkjg;0,5992ms;16,8379ms;1,5218ms
c8hYNPl__l3cdoXRfZwkjg;50,7491ms;10,4608ms;1,3745ms
c8hYNPl__l3cdoXRfZwkjg;11,07ms;13,5398ms;1,5422ms
c8hYNPl__l3cdoXRfZwkjg;60,2521ms;25,8164ms;1,5383ms
c8hYNPl__l3cdoXRfZwkjg;8,2185ms;18,9685ms;2,1018ms
c8hYNPl__l3cdoXRfZwkjg;12,0841ms;27,887ms;4,3596ms
c8hYNPl__l3cdoXRfZwkjg;0,5116ms;4,2539ms;0,9329ms
c8hYNPl__l3cdoXRfZwkjg;7,7934ms;22,9179ms;4,9422ms
c8hYNPl__l3cdoXRfZwkjg;11,6849ms;26,4071ms;2,0088ms
c8hYNPl__l3cdoXRfZwkjg;77,6193ms;5,2334ms;1,9639ms
c8hYNPl__l3cdoXRfZwkjg;11,8802ms;22,0675ms;2,1201ms
c8hYNPl__l3cdoXRfZwkjg;11,6183ms;1,89ms;1,5372ms
c8hYNPl__l3cdoXRfZwkjg;0,5613ms;46,8437ms;2,9402ms
c8hYNPl__l3cdoXRfZwkjg;11,2158ms;3,6486ms;1,0664ms
c8hYNPl__l3cdoXRfZwkjg;9,4847ms;11,8327ms;2,0914ms
c8hYNPl__l3cdoXRfZwkjg;9,6852ms;19,5363ms;2,6591ms
c8hYNPl__l3cdoXRfZwkjg;32,7725ms;2,1547ms;1,7685ms
c8hYNPl__l3cdoXRfZwkjg;48,4786ms;41,4951ms;1,8067ms
c8hYNPl__l3cdoXRfZwkjg;11,428ms;20,986ms;1,3811ms
c8hYNPl__l3cdoXRfZwkjg;16,2331ms;24,5992ms;1,8274ms
c8hYNPl__l3cdoXRfZwkjg;0,677ms;4,2738ms;2,7071ms
c8hYNPl__l3cdoXRfZwkjg;18,9086ms;18,4887ms;2,4596ms
c8hYNPl__l3cdoXRfZwkjg;40,9271ms;17,7477ms;2,7829ms
c8hYNPl__l3cdoXRfZwkjg;13,2217ms;16,2622ms;2,0554ms
c8hYNPl__l3cdoXRfZwkjg;45,7259ms;9,1505ms;1,1504ms
c8hYNPl__l3cdoXRfZwkjg;10,6103ms;19,1161ms;1,6708ms
c8hYNPl__l3cdoXRfZwkjg;13,8409ms;4,2023ms;0,9362ms
c8hYNPl__l3cdoXRfZwkjg;0,6056ms;1,6616ms;0,774ms
c8hYNPl__l3cdoXRfZwkjg;8,3258ms;4,1036ms;1,501ms
c8hYNPl__l3cdoXRfZwkjg;8,4984ms;7,3989ms;1,0994ms
c8hYNPl__l3cdoXRfZwkjg;8,9065ms;1,1628ms;0,9062ms
c8hYNPl__l3cdoXRfZwkjg;8,8041ms;5,7906ms;1,7014ms
c8hYNPl__l3cdoXRfZwkjg;10,3703ms;7,7959ms;1,29ms
c8hYNPl__l3cdoXRfZwkjg;13,344ms;8,9493ms;1,8301ms
c8hYNPl__l3cdoXRfZwkjg;0,5688ms;4,9026ms;1,7363ms
c8hYNPl__l3cdoXRfZwkjg;10,5306ms;7,7893ms;1,7686ms
c8hYNPl__l3cdoXRfZwkjg;13,9764ms;1,4255ms;1,5165ms
c8hYNPl__l3cdoXRfZwkjg;9,5959ms;8,9821ms;1,3872ms
c8hYNPl__l3cdoXRfZwkjg;16,2727ms;4,0729ms;1,2523ms
c8hYNPl__l3cdoXRfZwkjg;1,321ms;3,5894ms;1,4731ms
c8hYNPl__l3cdoXRfZwkjg;11,6029ms;3,5145ms;1,2004ms
c8hYNPl__l3cdoXRfZwkjg;11,9341ms;6,2098ms;1,1634ms
c8hYNPl__l3cdoXRfZwkjg;30,0144ms;2,3139ms;1,6965ms
c8hYNPl__l3cdoXRfZwkjg;10,5988ms;5,304ms;1,2052ms
c8hYNPl__l3cdoXRfZwkjg;0,607ms;3,4609ms;1,0539ms
c8hYNPl__l3cdoXRfZwkjg;11,5531ms;1,5244ms;1,5312ms
c8hYNPl__l3cdoXRfZwkjg;36,4729ms;0,9619ms;0,9624ms
c8hYNPl__l3cdoXRfZwkjg;44,0744ms;1,3813ms;0,8973ms
c8hYNPl__l3cdoXRfZwkjg;0,6069ms;1,9893ms;0,8195ms
c8hYNPl__l3cdoXRfZwkjg;11,3815ms;2,2028ms;0,9663ms
c8hYNPl__l3cdoXRfZwkjg;0,4978ms;1,7567ms;0,9129ms
c8hYNPl__l3cdoXRfZwkjg;13,7749ms;3,098ms;0,9503ms
c8hYNPl__l3cdoXRfZwkjg;0,5554ms;3,4126ms;1,1259ms
c8hYNPl__l3cdoXRfZwkjg;14,1293ms;6,7454ms;1,5349ms
c8hYNPl__l3cdoXRfZwkjg;0,5959ms;1,3632ms;0,9174ms
c8hYNPl__l3cdoXRfZwkjg;10,2694ms;2,5525ms;1,1329ms
c8hYNPl__l3cdoXRfZwkjg;13,6637ms;2,4659ms;1,0184ms
c8hYNPl__l3cdoXRfZwkjg;0,7221ms;3,4902ms;1,2941ms
c8hYNPl__l3cdoXRfZwkjg;9,5763ms;3,4218ms;1,2157ms
c8hYNPl__l3cdoXRfZwkjg;0,5939ms;0,9756ms;0,8288ms
c8hYNPl__l3cdoXRfZwkjg;10,6397ms;6,1625ms;1,1667ms
c8hYNPl__l3cdoXRfZwkjg;0,5794ms;3,4834ms;2,4818ms
c8hYNPl__l3cdoXRfZwkjg;12,1743ms;20,4868ms;2,3269ms
c8hYNPl__l3cdoXRfZwkjg;0,5511ms;2,7153ms;1,3478ms
c8hYNPl__l3cdoXRfZwkjg;33,6745ms;6,7397ms;1,4444ms
c8hYNPl__l3cdoXRfZwkjg;11,2902ms;6,1315ms;1,2549ms
c8hYNPl__l3cdoXRfZwkjg;10,3569ms;6,283ms;1,6081ms
c8hYNPl__l3cdoXRfZwkjg;9,5951ms;3,0739ms;1,0073ms
c8hYNPl__l3cdoXRfZwkjg;67,8005ms;12,4465ms;1,0277ms
c8hYNPl__l3cdoXRfZwkjg;9,3798ms;5,2731ms;1,278ms
c8hYNPl__l3cdoXRfZwkjg;9,1753ms;5,0771ms;0,9202ms
c8hYNPl__l3cdoXRfZwkjg;30,0569ms;0,6606ms;0,749ms
c8hYNPl__l3cdoXRfZwkjg;8,3059ms;4,6437ms;1,3509ms
c8hYNPl__l3cdoXRfZwkjg;12,0676ms;7,0104ms;1,4489ms
c8hYNPl__l3cdoXRfZwkjg;0,5842ms;3,1674ms;1,9091ms
c8hYNPl__l3cdoXRfZwkjg;12,1565ms;4,6755ms;1,1806ms
c8hYNPl__l3cdoXRfZwkjg;12,7035ms;8,799ms;1,3603ms
c8hYNPl__l3cdoXRfZwkjg;1,1497ms;1,8853ms;1,6439ms
c8hYNPl__l3cdoXRfZwkjg;11,0356ms;1,4092ms;0,9554ms
c8hYNPl__l3cdoXRfZwkjg;9,7191ms;1,3228ms;1,0347ms
c8hYNPl__l3cdoXRfZwkjg;10,1888ms;2,2973ms;1,6648ms
c8hYNPl__l3cdoXRfZwkjg;10,6033ms;4,2796ms;1,7453ms
c8hYNPl__l3cdoXRfZwkjg;10,7518ms;1,2608ms;1,1917ms
c8hYNPl__l3cdoXRfZwkjg;8,754ms;1,1114ms;1,5193ms
c8hYNPl__l3cdoXRfZwkjg;10,4357ms;1,9702ms;1,5195ms
c8hYNPl__l3cdoXRfZwkjg;10,0225ms;0,9281ms;0,9296ms
c8hYNPl__l3cdoXRfZwkjg;8,1711ms;1,086ms;0,8014ms
c8hYNPl__l3cdoXRfZwkjg;8,8266ms;3,4592ms;1,3464ms
c8hYNPl__l3cdoXRfZwkjg;10,6379ms;0,9026ms;0,7468ms
c8hYNPl__l3cdoXRfZwkjg;0,5679ms;1,345ms;0,8753ms
c8hYNPl__l3cdoXRfZwkjg;10,1868ms;3,0935ms;1,3868ms
c8hYNPl__l3cdoXRfZwkjg;11,684ms;4,715ms;0,9707ms
c8hYNPl__l3cdoXRfZwkjg;0,5535ms;3,5581ms;1,8222ms
c8hYNPl__l3cdoXRfZwkjg;12,8426ms;5,1911ms;1,0904ms
c8hYNPl__l3cdoXRfZwkjg;0,5315ms;1,0334ms;0,8251ms
c8hYNPl__l3cdoXRfZwkjg;11,7622ms;2,5388ms;0,9564ms
c8hYNPl__l3cdoXRfZwkjg;0,5369ms;1,8868ms;0,8712ms
c8hYNPl__l3cdoXRfZwkjg;12,6394ms;6,2646ms;1,1824ms
c8hYNPl__l3cdoXRfZwkjg;0,5685ms;2,6921ms;0,9701ms
c8hYNPl__l3cdoXRfZwkjg;9,0765ms;2,0683ms;1,2309ms
c8hYNPl__l3cdoXRfZwkjg;11,2311ms;11,0499ms;2,0126ms
c8hYNPl__l3cdoXRfZwkjg;1,0095ms;1,1273ms;1,1939ms
c8hYNPl__l3cdoXRfZwkjg;13,58ms;2,9827ms;1,2737ms
c8hYNPl__l3cdoXRfZwkjg;11,6198ms;1,9041ms;0,9684ms
c8hYNPl__l3cdoXRfZwkjg;8,7184ms;1,6399ms;0,9999ms
c8hYNPl__l3cdoXRfZwkjg;9,3326ms;1,7212ms;0,9402ms
c8hYNPl__l3cdoXRfZwkjg;8,5727ms;2,1848ms;4,4728ms
c8hYNPl__l3cdoXRfZwkjg;9,5732ms;4,8787ms;1,8256ms
c8hYNPl__l3cdoXRfZwkjg;9,6455ms;10,7493ms;1,6653ms
c8hYNPl__l3cdoXRfZwkjg;48,7995ms;1,8878ms;1,7377ms
c8hYNPl__l3cdoXRfZwkjg;9,4203ms;1,0785ms;1,1541ms
c8hYNPl__l3cdoXRfZwkjg;8,8949ms;0,9758ms;0,8568ms
c8hYNPl__l3cdoXRfZwkjg;8,6732ms;0,9405ms;1,6431ms
c8hYNPl__l3cdoXRfZwkjg;59,1995ms;1,8863ms;1,0687ms
c8hYNPl__l3cdoXRfZwkjg;9,8631ms;1,1321ms;0,8946ms
c8hYNPl__l3cdoXRfZwkjg;0,5868ms;1,8ms;1,3126ms
c8hYNPl__l3cdoXRfZwkjg;9,1945ms;1,1768ms;1,0354ms
c8hYNPl__l3cdoXRfZwkjg;14,7662ms;1,4246ms;0,8911ms
c8hYNPl__l3cdoXRfZwkjg;0,6414ms;1,0567ms;0,8516ms
c8hYNPl__l3cdoXRfZwkjg;10,3094ms;0,8979ms;0,8412ms
c8hYNPl__l3cdoXRfZwkjg;1,2188ms;0,7722ms;1,823ms
c8hYNPl__l3cdoXRfZwkjg;0,5654ms;0,6944ms;0,8296ms
c8hYNPl__l3cdoXRfZwkjg;13,0979ms;0,3793ms;0,6809ms
c8hYNPl__l3cdoXRfZwkjg;0,5448ms;46,8638ms;7,0412ms
c8hYNPl__l3cdoXRfZwkjg;42,3751ms;76,57ms;4,2161ms
c8hYNPl__l3cdoXRfZwkjg;12,0912ms;71,7794ms;2,9665ms
c8hYNPl__l3cdoXRfZwkjg;9,0751ms;37,1222ms;3,0886ms
c8hYNPl__l3cdoXRfZwkjg;10,1797ms;49,4568ms;2,7207ms
c8hYNPl__l3cdoXRfZwkjg;9,7881ms;64,2147ms;4,4199ms
c8hYNPl__l3cdoXRfZwkjg;9,8802ms;40,4707ms;2,8858ms
c8hYNPl__l3cdoXRfZwkjg;0,5839ms;43,9329ms;2,9757ms
c8hYNPl__l3cdoXRfZwkjg;9,7774ms;42,9821ms;2,588ms
c8hYNPl__l3cdoXRfZwkjg;16,1724ms;41,2849ms;6,2444ms
c8hYNPl__l3cdoXRfZwkjg;10,8927ms;5,1342ms;2,5524ms
c8hYNPl__l3cdoXRfZwkjg;9,7344ms;36,32ms;5,9934ms
c8hYNPl__l3cdoXRfZwkjg;11,1227ms;23,926ms;1,7896ms
c8hYNPl__l3cdoXRfZwkjg;11,3864ms;7,4603ms;0,9457ms
c8hYNPl__l3cdoXRfZwkjg;0,6618ms;5,445ms;1,0655ms
c8hYNPl__l3cdoXRfZwkjg;30,7712ms;8,9472ms;1,1466ms
c8hYNPl__l3cdoXRfZwkjg;9,1334ms;38,7957ms;3,1108ms
c8hYNPl__l3cdoXRfZwkjg;9,2978ms;31,1794ms;2,4801ms
c8hYNPl__l3cdoXRfZwkjg;10,4225ms;53,7427ms;3,9306ms
c8hYNPl__l3cdoXRfZwkjg;10,096ms;4,7357ms;1,582ms
c8hYNPl__l3cdoXRfZwkjg;8,75ms;1,5964ms;1,1146ms
c8hYNPl__l3cdoXRfZwkjg;39,8169ms;53,9003ms;3,1108ms
c8hYNPl__l3cdoXRfZwkjg;0,8111ms;31,0613ms;3,0968ms
c8hYNPl__l3cdoXRfZwkjg;8,4323ms;10,8725ms;1,1705ms
c8hYNPl__l3cdoXRfZwkjg;11,5252ms;1,3285ms;1,0776ms
c8hYNPl__l3cdoXRfZwkjg;8,4348ms;51,571ms;3,2781ms
c8hYNPl__l3cdoXRfZwkjg;13,3475ms;18,0147ms;1,9514ms
c8hYNPl__l3cdoXRfZwkjg;9,7516ms;30,9392ms;2,118ms
c8hYNPl__l3cdoXRfZwkjg;9,8054ms;54,7502ms;3,1659ms
c8hYNPl__l3cdoXRfZwkjg;15,1848ms;11,9402ms;2,2524ms
c8hYNPl__l3cdoXRfZwkjg;0,6305ms;6,1993ms;1,3731ms
c8hYNPl__l3cdoXRfZwkjg;10,1014ms;33,8493ms;2,3852ms
c8hYNPl__l3cdoXRfZwkjg;15,3065ms;42,4628ms;3,8435ms
c8hYNPl__l3cdoXRfZwkjg;41,4743ms;53,2873ms;4,5807ms
c8hYNPl__l3cdoXRfZwkjg;33,3445ms;57,3022ms;2,8241ms
c8hYNPl__l3cdoXRfZwkjg;12,5035ms;13,8427ms;2,818ms
c8hYNPl__l3cdoXRfZwkjg;43,2873ms;22,3083ms;2,8521ms
c8hYNPl__l3cdoXRfZwkjg;8,8703ms;2,1665ms;1,7979ms
c8hYNPl__l3cdoXRfZwkjg;14,6294ms;50,3626ms;2,7179ms
c8hYNPl__l3cdoXRfZwkjg;0,7419ms;6,8548ms;2,2933ms
c8hYNPl__l3cdoXRfZwkjg;9,0478ms;16,7022ms;2,1665ms
c8hYNPl__l3cdoXRfZwkjg;10,2237ms;3,1754ms;1,5226ms
c8hYNPl__l3cdoXRfZwkjg;10,0183ms;14,073ms;2,124ms
c8hYNPl__l3cdoXRfZwkjg;74,2236ms;2,494ms;1,8779ms
c8hYNPl__l3cdoXRfZwkjg;48,0411ms;66,397ms;4,3518ms
c8hYNPl__l3cdoXRfZwkjg;36,9168ms;5,5233ms;1,3199ms
c8hYNPl__l3cdoXRfZwkjg;0,6235ms;8,274ms;1,424ms
c8hYNPl__l3cdoXRfZwkjg;8,7612ms;51,133ms;3,1982ms
c8hYNPl__l3cdoXRfZwkjg;9,3821ms;43,8244ms;2,3948ms
c8hYNPl__l3cdoXRfZwkjg;8,6551ms;28,6915ms;3,8407ms
c8hYNPl__l3cdoXRfZwkjg;9,341ms;38,9777ms;2,2577ms
c8hYNPl__l3cdoXRfZwkjg;9,8906ms;3,6508ms;1,7904ms
c8hYNPl__l3cdoXRfZwkjg;14,0872ms;20,2013ms;1,9073ms
c8hYNPl__l3cdoXRfZwkjg;0,5302ms;9,7815ms;2,2213ms
c8hYNPl__l3cdoXRfZwkjg;11,5209ms;39,1404ms;2,4082ms
c8hYNPl__l3cdoXRfZwkjg;9,4456ms;16,8834ms;2,0258ms
c8hYNPl__l3cdoXRfZwkjg;12,4463ms;28,0801ms;2,1061ms
c8hYNPl__l3cdoXRfZwkjg;10,289ms;72,2073ms;3,5223ms
c8hYNPl__l3cdoXRfZwkjg;9,891ms;53,4139ms;2,8371ms
c8hYNPl__l3cdoXRfZwkjg;12,5293ms;43,3537ms;2,5256ms
c8hYNPl__l3cdoXRfZwkjg;0,7793ms;29,4157ms;2,1542ms
c8hYNPl__l3cdoXRfZwkjg;11,2125ms;9,078ms;1,8367ms
c8hYNPl__l3cdoXRfZwkjg;31,9941ms;25,5043ms;1,9576ms
c8hYNPl__l3cdoXRfZwkjg;9,7081ms;39,7841ms;2,9419ms
c8hYNPl__l3cdoXRfZwkjg;30,7569ms;28,8439ms;3,2633ms
c8hYNPl__l3cdoXRfZwkjg;9,1974ms;2,0574ms;0,8785ms
c8hYNPl__l3cdoXRfZwkjg;8,0572ms;31,3179ms;3,3788ms
c8hYNPl__l3cdoXRfZwkjg;11,3551ms;1,8131ms;1,2204ms
c8hYNPl__l3cdoXRfZwkjg;12,675ms;35,2898ms;2,7457ms
c8hYNPl__l3cdoXRfZwkjg;0,8285ms;4,2252ms;5,0292ms
c8hYNPl__l3cdoXRfZwkjg;11,4549ms;32,4001ms;2,4715ms
c8hYNPl__l3cdoXRfZwkjg;8,6235ms;8,2017ms;1,4425ms
c8hYNPl__l3cdoXRfZwkjg;14,4111ms;48,227ms;1,9177ms
c8hYNPl__l3cdoXRfZwkjg;12,6732ms;16,1434ms;1,9792ms
c8hYNPl__l3cdoXRfZwkjg;14,6468ms;25,6556ms;2,4623ms
c8hYNPl__l3cdoXRfZwkjg;11,4954ms;57,3218ms;4,2519ms
c8hYNPl__l3cdoXRfZwkjg;0,5364ms;53,1616ms;1,8577ms
c8hYNPl__l3cdoXRfZwkjg;14,6639ms;69,7479ms;3,0191ms
c8hYNPl__l3cdoXRfZwkjg;13,4443ms;23,4543ms;2,8684ms
c8hYNPl__l3cdoXRfZwkjg;70,2748ms;56,0638ms;4,299ms
c8hYNPl__l3cdoXRfZwkjg;11,88ms;9,8163ms;1,069ms
c8hYNPl__l3cdoXRfZwkjg;46,3066ms;23,4431ms;1,8257ms
c8hYNPl__l3cdoXRfZwkjg;11,2506ms;2,134ms;0,8536ms
c8hYNPl__l3cdoXRfZwkjg;13,229ms;2,8514ms;0,8962ms
c8hYNPl__l3cdoXRfZwkjg;0,6818ms;33,8037ms;2,1426ms
c8hYNPl__l3cdoXRfZwkjg;10,8724ms;13,4401ms;1,8551ms
c8hYNPl__l3cdoXRfZwkjg;9,9491ms;13,2218ms;2,0676ms
c8hYNPl__l3cdoXRfZwkjg;34,8969ms;29,3789ms;2,9515ms
c8hYNPl__l3cdoXRfZwkjg;11,7819ms;2,3453ms;1,5128ms
c8hYNPl__l3cdoXRfZwkjg;13,6878ms;39,0982ms;2,4865ms
c8hYNPl__l3cdoXRfZwkjg;14,516ms;24,6341ms;2,1055ms
c8hYNPl__l3cdoXRfZwkjg;17,4955ms;5,9344ms;1,9384ms
c8hYNPl__l3cdoXRfZwkjg;0,6242ms;27,1693ms;2,2828ms
c8hYNPl__l3cdoXRfZwkjg;8,5565ms;5,9447ms;1,2103ms
c8hYNPl__l3cdoXRfZwkjg;10,9601ms;18,6125ms;1,803ms
c8hYNPl__l3cdoXRfZwkjg;14,5058ms;20,0909ms;1,8591ms
c8hYNPl__l3cdoXRfZwkjg;10,872ms;20,8898ms;1,5846ms
c8hYNPl__l3cdoXRfZwkjg;10,7574ms;33,6939ms;2,0486ms
c8hYNPl__l3cdoXRfZwkjg;19,8758ms;3,3779ms;1,7315ms
c8hYNPl__l3cdoXRfZwkjg;0,5431ms;17,652ms;2,6217ms
c8hYNPl__l3cdoXRfZwkjg;13,9407ms;16,8869ms;2,1191ms
c8hYNPl__l3cdoXRfZwkjg;11,2605ms;10,5975ms;1,8668ms
c8hYNPl__l3cdoXRfZwkjg;10,2475ms;29,8257ms;3,0486ms
c8hYNPl__l3cdoXRfZwkjg;56,9759ms;44,9705ms;2,07ms
c8hYNPl__l3cdoXRfZwkjg;13,0185ms;38,2863ms;3,2828ms
c8hYNPl__l3cdoXRfZwkjg;0,7893ms;5,2187ms;1,1891ms
c8hYNPl__l3cdoXRfZwkjg;9,967ms;25,1146ms;1,9211ms
c8hYNPl__l3cdoXRfZwkjg;9,671ms;22,365ms;2,0997ms
c8hYNPl__l3cdoXRfZwkjg;9,6535ms;3,7694ms;1,69ms
c8hYNPl__l3cdoXRfZwkjg;10,1955ms;29,7953ms;2,2529ms
c8hYNPl__l3cdoXRfZwkjg;11,0658ms;1,6469ms;0,8897ms
c8hYNPl__l3cdoXRfZwkjg;0,8153ms;24,3437ms;2,7132ms
c8hYNPl__l3cdoXRfZwkjg;10,4558ms;1,3571ms;1,5759ms
c8hYNPl__l3cdoXRfZwkjg;9,409ms;9,8534ms;1,5354ms
c8hYNPl__l3cdoXRfZwkjg;10,3089ms;27,0217ms;2,0117ms
c8hYNPl__l3cdoXRfZwkjg;11,8763ms;1,7154ms;1,0086ms
c8hYNPl__l3cdoXRfZwkjg;42,3969ms;28,2516ms;2,4236ms
c8hYNPl__l3cdoXRfZwkjg;11,3297ms;16,7045ms;1,821ms
c8hYNPl__l3cdoXRfZwkjg;14,6325ms;16,2145ms;2,1553ms
c8hYNPl__l3cdoXRfZwkjg;0,6134ms;4,4952ms;0,9154ms
c8hYNPl__l3cdoXRfZwkjg;8,3313ms;10,0408ms;1,456ms
c8hYNPl__l3cdoXRfZwkjg;9,125ms;15,8031ms;2,3281ms
c8hYNPl__l3cdoXRfZwkjg;29,1101ms;14,4384ms;1,8261ms
c8hYNPl__l3cdoXRfZwkjg;11,1659ms;4,9847ms;1,8056ms
c8hYNPl__l3cdoXRfZwkjg;10,2056ms;14,1707ms;1,7625ms
c8hYNPl__l3cdoXRfZwkjg;11,2563ms;1,7905ms;0,8809ms
c8hYNPl__l3cdoXRfZwkjg;1,4361ms;2,0954ms;1,1145ms
c8hYNPl__l3cdoXRfZwkjg;44,053ms;3,7774ms;1,3997ms
c8hYNPl__l3cdoXRfZwkjg;9,9549ms;16,2638ms;2,7794ms
c8hYNPl__l3cdoXRfZwkjg;9,9285ms;2,676ms;1,1221ms
c8hYNPl__l3cdoXRfZwkjg;60,4614ms;5,6878ms;1,6049ms
c8hYNPl__l3cdoXRfZwkjg;10,3117ms;6,1071ms;1,1735ms
c8hYNPl__l3cdoXRfZwkjg;10,1731ms;7,5537ms;1,526ms
c8hYNPl__l3cdoXRfZwkjg;1,3609ms;4,7131ms;1,5815ms
c8hYNPl__l3cdoXRfZwkjg;9,9718ms;6,5808ms;1,2496ms
c8hYNPl__l3cdoXRfZwkjg;9,6996ms;1,4657ms;1,3057ms
c8hYNPl__l3cdoXRfZwkjg;8,8046ms;5,8491ms;1,5524ms
c8hYNPl__l3cdoXRfZwkjg;11,6075ms;4,3556ms;1,8491ms
c8hYNPl__l3cdoXRfZwkjg;0,618ms;2,2168ms;1,2871ms
c8hYNPl__l3cdoXRfZwkjg;10,695ms;4,0481ms;1,0067ms
c8hYNPl__l3cdoXRfZwkjg;32,5064ms;4,1507ms;1,2367ms
c8hYNPl__l3cdoXRfZwkjg;8,1289ms;2,6745ms;1,414ms
c8hYNPl__l3cdoXRfZwkjg;11,7137ms;3,886ms;1,2081ms
c8hYNPl__l3cdoXRfZwkjg;0,8969ms;4,1469ms;1,3963ms
c8hYNPl__l3cdoXRfZwkjg;8,6921ms;1,5518ms;0,9767ms
c8hYNPl__l3cdoXRfZwkjg;8,3623ms;0,9558ms;0,7917ms
c8hYNPl__l3cdoXRfZwkjg;47,8737ms;2,0934ms;1,8492ms
c8hYNPl__l3cdoXRfZwkjg;0,4735ms;2,3526ms;0,7436ms
c8hYNPl__l3cdoXRfZwkjg;10,0263ms;2,4153ms;0,9939ms
c8hYNPl__l3cdoXRfZwkjg;0,8803ms;1,6547ms;0,841ms
c8hYNPl__l3cdoXRfZwkjg;9,1762ms;4,9027ms;1,3481ms
c8hYNPl__l3cdoXRfZwkjg;0,4964ms;3,223ms;0,8848ms
c8hYNPl__l3cdoXRfZwkjg;13,6702ms;7,9354ms;1,314ms
c8hYNPl__l3cdoXRfZwkjg;0,5217ms;0,6976ms;0,6289ms
c8hYNPl__l3cdoXRfZwkjg;42,3005ms;1,8162ms;1,2261ms
c8hYNPl__l3cdoXRfZwkjg;13,2569ms;4,3677ms;0,9964ms
c8hYNPl__l3cdoXRfZwkjg;0,6438ms;2,5926ms;1,0328ms
c8hYNPl__l3cdoXRfZwkjg;12,9017ms;3,5783ms;1,1418ms
c8hYNPl__l3cdoXRfZwkjg;0,5523ms;0,8993ms;0,6755ms
c8hYNPl__l3cdoXRfZwkjg;10,4706ms;4,2636ms;1,4366ms
c8hYNPl__l3cdoXRfZwkjg;0,7178ms;3,467ms;1,4921ms
c8hYNPl__l3cdoXRfZwkjg;9,5363ms;28,4358ms;1,9962ms
c8hYNPl__l3cdoXRfZwkjg;0,537ms;1,8892ms;0,8553ms
c8hYNPl__l3cdoXRfZwkjg;8,3328ms;4,8185ms;0,9044ms
c8hYNPl__l3cdoXRfZwkjg;39,6143ms;4,6538ms;1,1106ms
c8hYNPl__l3cdoXRfZwkjg;8,0469ms;4,6708ms;0,9398ms
c8hYNPl__l3cdoXRfZwkjg;8,6362ms;8,5809ms;2,2559ms
c8hYNPl__l3cdoXRfZwkjg;12,8341ms;10,9835ms;1,3387ms
c8hYNPl__l3cdoXRfZwkjg;11,402ms;3,2838ms;1,2541ms
c8hYNPl__l3cdoXRfZwkjg;68,3843ms;14,3842ms;1,0531ms
c8hYNPl__l3cdoXRfZwkjg;35,7047ms;0,6778ms;1,8165ms
c8hYNPl__l3cdoXRfZwkjg;9,6182ms;5,053ms;1,1273ms
c8hYNPl__l3cdoXRfZwkjg;10,9008ms;8,7682ms;2,6219ms
c8hYNPl__l3cdoXRfZwkjg;0,7442ms;2,9801ms;2,0041ms
c8hYNPl__l3cdoXRfZwkjg;9,7581ms;6,9782ms;2,3824ms
c8hYNPl__l3cdoXRfZwkjg;9,3415ms;12,4217ms;2,1262ms
c8hYNPl__l3cdoXRfZwkjg;0,8455ms;2,0344ms;1,0673ms
c8hYNPl__l3cdoXRfZwkjg;9,152ms;1,1703ms;1,1296ms
c8hYNPl__l3cdoXRfZwkjg;45,0762ms;1,5794ms;0,893ms
c8hYNPl__l3cdoXRfZwkjg;8,943ms;1,473ms;0,8665ms
c8hYNPl__l3cdoXRfZwkjg;8,4462ms;5,8277ms;1,8863ms
c8hYNPl__l3cdoXRfZwkjg;38,4947ms;1,7997ms;1,0132ms
c8hYNPl__l3cdoXRfZwkjg;11,3532ms;1,419ms;0,94ms
c8hYNPl__l3cdoXRfZwkjg;8,043ms;1,4712ms;1,0042ms
c8hYNPl__l3cdoXRfZwkjg;8,7976ms;0,7488ms;1,1316ms
c8hYNPl__l3cdoXRfZwkjg;9,9331ms;0,9944ms;0,8362ms
c8hYNPl__l3cdoXRfZwkjg;9,6725ms;4,7184ms;2,4242ms
c8hYNPl__l3cdoXRfZwkjg;19,9145ms;1,674ms;2,5997ms
c8hYNPl__l3cdoXRfZwkjg;0,4824ms;1,4876ms;1,2365ms
c8hYNPl__l3cdoXRfZwkjg;36,7741ms;3,6692ms;2,1241ms
c8hYNPl__l3cdoXRfZwkjg;14,2197ms;4,7724ms;2,4973ms
c8hYNPl__l3cdoXRfZwkjg;0,5905ms;2,0477ms;1,0962ms
c8hYNPl__l3cdoXRfZwkjg;15,7655ms;5,8764ms;1,5244ms
c8hYNPl__l3cdoXRfZwkjg;0,494ms;1,0499ms;1,1076ms
c8hYNPl__l3cdoXRfZwkjg;34,5053ms;3,2911ms;1,5176ms
c8hYNPl__l3cdoXRfZwkjg;0,5191ms;2,0824ms;1,456ms
c8hYNPl__l3cdoXRfZwkjg;11,0137ms;5,547ms;1,8419ms
c8hYNPl__l3cdoXRfZwkjg;0,5037ms;4,1499ms;1,175ms
c8hYNPl__l3cdoXRfZwkjg;9,744ms;2,1763ms;1,0834ms
c8hYNPl__l3cdoXRfZwkjg;10,9639ms;12,6452ms;2,1835ms
c8hYNPl__l3cdoXRfZwkjg;0,7366ms;1,9466ms;1,716ms
c8hYNPl__l3cdoXRfZwkjg;13,8779ms;3,533ms;0,9969ms
c8hYNPl__l3cdoXRfZwkjg;9,776ms;3,5757ms;1,106ms
c8hYNPl__l3cdoXRfZwkjg;8,7447ms;1,7302ms;1,6124ms
c8hYNPl__l3cdoXRfZwkjg;9,4086ms;1,75ms;1,2911ms
c8hYNPl__l3cdoXRfZwkjg;8,6121ms;2,6408ms;0,8763ms
c8hYNPl__l3cdoXRfZwkjg;8,7228ms;5,0478ms;1,5987ms
c8hYNPl__l3cdoXRfZwkjg;34,2448ms;12,6371ms;2,2882ms
c8hYNPl__l3cdoXRfZwkjg;37,4325ms;3,953ms;1,6897ms
c8hYNPl__l3cdoXRfZwkjg;46,6941ms;1,4481ms;1,1989ms
c8hYNPl__l3cdoXRfZwkjg;12,223ms;0,9219ms;1,2692ms
c8hYNPl__l3cdoXRfZwkjg;9,8667ms;1,507ms;1,0802ms
c8hYNPl__l3cdoXRfZwkjg;75,0623ms;2,9419ms;1,2486ms
c8hYNPl__l3cdoXRfZwkjg;12,9611ms;1,3162ms;1,103ms
c8hYNPl__l3cdoXRfZwkjg;0,6528ms;2,3917ms;1,0001ms
c8hYNPl__l3cdoXRfZwkjg;8,9375ms;1,7647ms;1,1912ms
c8hYNPl__l3cdoXRfZwkjg;40,3257ms;1,6793ms;0,8796ms
c8hYNPl__l3cdoXRfZwkjg;0,5443ms;1,0661ms;0,7066ms
c8hYNPl__l3cdoXRfZwkjg;11,1212ms;0,924ms;1,109ms
c8hYNPl__l3cdoXRfZwkjg;1,4265ms;2,3283ms;2,1394ms
c8hYNPl__l3cdoXRfZwkjg;0,7112ms;0,4831ms;0,9675ms
c8hYNPl__l3cdoXRfZwkjg;8,741ms;0,3659ms;0,5926ms
id_Klienta;Czas wyslania;Czas obliczen;Czas odebrania
TYlhYK30LWSxj-leTWuguA;99,6681ms;308,7994ms;49,9163ms
TYlhYK30LWSxj-leTWuguA;11,6159ms;3,7878ms;1,2109ms
TYlhYK30LWSxj-leTWuguA;6,7902ms;20,4727ms;3,1233ms
TYlhYK30LWSxj-leTWuguA;43,6298ms;14,6397ms;2,8669ms
TYlhYK30LWSxj-leTWuguA;8,8452ms;2,1227ms;1,5174ms
TYlhYK30LWSxj-leTWuguA;32,2365ms;38,2114ms;4,2373ms
TYlhYK30LWSxj-leTWuguA;17,5139ms;34,3371ms;2,8735ms
TYlhYK30LWSxj-leTWuguA;0,4404ms;1,5779ms;0,7616ms
TYlhYK30LWSxj-leTWuguA;7,2064ms;27,2692ms;3,3122ms
TYlhYK30LWSxj-leTWuguA;10,7298ms;41,7399ms;4,3124ms
TYlhYK30LWSxj-leTWuguA;8,1904ms;1,5944ms;0,8723ms
TYlhYK30LWSxj-leTWuguA;7,4088ms;1,6951ms;1,2279ms
TYlhYK30LWSxj-leTWuguA;10,2688ms;2,7061ms;0,9725ms
TYlhYK30LWSxj-leTWuguA;9,9607ms;22,6231ms;2,3302ms
TYlhYK30LWSxj-leTWuguA;8,723ms;4,5562ms;1,4841ms
TYlhYK30LWSxj-leTWuguA;0,7876ms;14,7985ms;1,9612ms
TYlhYK30LWSxj-leTWuguA;40,9097ms;6,908ms;1,9079ms
TYlhYK30LWSxj-leTWuguA;4,2134ms;29,7413ms;20,3956ms
TYlhYK30LWSxj-leTWuguA;10,2057ms;2,3799ms;1,0603ms
TYlhYK30LWSxj-leTWuguA;38,9112ms;20,5721ms;3,7217ms
TYlhYK30LWSxj-leTWuguA;8,5461ms;17,5287ms;1,9534ms
TYlhYK30LWSxj-leTWuguA;8,1839ms;2,0466ms;1,1937ms
TYlhYK30LWSxj-leTWuguA;6,9746ms;27,9708ms;2,361ms
TYlhYK30LWSxj-leTWuguA;13,1235ms;29,6661ms;3,0491ms
TYlhYK30LWSxj-leTWuguA;0,5913ms;1,8161ms;0,7741ms
TYlhYK30LWSxj-leTWuguA;7,3165ms;37,6147ms;3,2553ms
TYlhYK30LWSxj-leTWuguA;10,6117ms;33,3233ms;13,9435ms
TYlhYK30LWSxj-leTWuguA;10,2866ms;1,3948ms;1,0496ms
TYlhYK30LWSxj-leTWuguA;8,405ms;1,5783ms;1,1148ms
TYlhYK30LWSxj-leTWuguA;7,405ms;1,4304ms;1,2359ms
TYlhYK30LWSxj-leTWuguA;7,4001ms;17,7353ms;2,7242ms
TYlhYK30LWSxj-leTWuguA;10,1666ms;5,5448ms;1,7165ms
TYlhYK30LWSxj-leTWuguA;0,7194ms;14,4424ms;1,7689ms
TYlhYK30LWSxj-leTWuguA;12,6927ms;9,487ms;2,0128ms
TYlhYK30LWSxj-leTWuguA;0,7452ms;43,6882ms;3,6344ms
TYlhYK30LWSxj-leTWuguA;98,8954ms;2,1463ms;1,2697ms
TYlhYK30LWSxj-leTWuguA;10,4873ms;26,4196ms;2,5ms
TYlhYK30LWSxj-leTWuguA;64,3249ms;13,5516ms;2,4831ms
TYlhYK30LWSxj-leTWuguA;9,2549ms;2,0182ms;1,0691ms
TYlhYK30LWSxj-leTWuguA;29,6618ms;27,6643ms;2,6598ms
TYlhYK30LWSxj-leTWuguA;11,4112ms;29,6459ms;3,1099ms
TYlhYK30LWSxj-leTWuguA;0,5251ms;2,001ms;1,0796ms
TYlhYK30LWSxj-leTWuguA;7,2257ms;32,7227ms;2,5549ms
TYlhYK30LWSxj-leTWuguA;7,4638ms;38,833ms;2,7969ms
TYlhYK30LWSxj-leTWuguA;8,4308ms;3,084ms;0,8933ms
TYlhYK30LWSxj-leTWuguA;8,1419ms;8,9064ms;0,8695ms
TYlhYK30LWSxj-leTWuguA;7,2505ms;1,9143ms;1,4846ms
TYlhYK30LWSxj-leTWuguA;7,9329ms;18,0712ms;2,6014ms
TYlhYK30LWSxj-leTWuguA;8,56ms;5,2731ms;1,086ms
TYlhYK30LWSxj-leTWuguA;0,6666ms;12,9186ms;1,6075ms
TYlhYK30LWSxj-leTWuguA;9,0834ms;7,2414ms;1,3925ms
id_Klienta;Czas wyslania;Czas obliczen;Czas odebrania
40JQBEFCAhDhxf4fC0AFiw;88,4061ms;3647,6916ms;53,81ms
40JQBEFCAhDhxf4fC0AFiw;10,3111ms;2,4701ms;1,6773ms
40JQBEFCAhDhxf4fC0AFiw;10,2903ms;20,1805ms;2,4408ms
40JQBEFCAhDhxf4fC0AFiw;10,3408ms;17,4322ms;2,2038ms
40JQBEFCAhDhxf4fC0AFiw;7,8127ms;1,9152ms;0,7787ms
40JQBEFCAhDhxf4fC0AFiw;6,8789ms;29,2605ms;2,8414ms
40JQBEFCAhDhxf4fC0AFiw;11,4086ms;33,2304ms;2,015ms
40JQBEFCAhDhxf4fC0AFiw;0,9088ms;1,8047ms;1,1086ms
40JQBEFCAhDhxf4fC0AFiw;7,6148ms;26,8024ms;3,0736ms
40JQBEFCAhDhxf4fC0AFiw;9,386ms;34,3226ms;3,4391ms
40JQBEFCAhDhxf4fC0AFiw;30,73ms;1,4489ms;1,7716ms
40JQBEFCAhDhxf4fC0AFiw;17,0921ms;1,0543ms;1,8177ms
40JQBEFCAhDhxf4fC0AFiw;9,7906ms;1,761ms;0,9707ms
40JQBEFCAhDhxf4fC0AFiw;9,7322ms;18,6644ms;2,521ms
40JQBEFCAhDhxf4fC0AFiw;11,0309ms;3,758ms;1,3438ms
40JQBEFCAhDhxf4fC0AFiw;0,7035ms;14,3383ms;1,9849ms
40JQBEFCAhDhxf4fC0AFiw;11,3434ms;45,4872ms;3,1266ms
